[29-Sep-2025 13:38:41 Europe/Berlin] PHP Deprecated:  Creation of dynamic property Conexion::$envVars is deprecated in C:\xampp\htdocs\administracion\class\conexion.php on line 11
[29-Sep-2025 13:38:41 Europe/Berlin] PHP Deprecated:  Creation of dynamic property Conexion::$host_central is deprecated in C:\xampp\htdocs\administracion\class\conexion.php on line 13
[29-Sep-2025 13:38:41 Europe/Berlin] PHP Deprecated:  Creation of dynamic property Conexion::$database_central is deprecated in C:\xampp\htdocs\administracion\class\conexion.php on line 14
[29-Sep-2025 13:38:41 Europe/Berlin] PHP Deprecated:  Creation of dynamic property Conexion::$host_locales is deprecated in C:\xampp\htdocs\administracion\class\conexion.php on line 15
[29-Sep-2025 13:38:41 Europe/Berlin] PHP Deprecated:  Creation of dynamic property Conexion::$host_apps is deprecated in C:\xampp\htdocs\administracion\class\conexion.php on line 16
[29-Sep-2025 13:38:41 Europe/Berlin] PHP Deprecated:  Creation of dynamic property Conexion::$database_locales is deprecated in C:\xampp\htdocs\administracion\class\conexion.php on line 17
[29-Sep-2025 13:38:41 Europe/Berlin] PHP Deprecated:  Creation of dynamic property Conexion::$database_tangobis is deprecated in C:\xampp\htdocs\administracion\class\conexion.php on line 18
[29-Sep-2025 13:38:41 Europe/Berlin] PHP Deprecated:  Creation of dynamic property Conexion::$database_apps is deprecated in C:\xampp\htdocs\administracion\class\conexion.php on line 19
[29-Sep-2025 13:38:41 Europe/Berlin] PHP Deprecated:  Creation of dynamic property Conexion::$user is deprecated in C:\xampp\htdocs\administracion\class\conexion.php on line 20
[29-Sep-2025 13:38:41 Europe/Berlin] PHP Deprecated:  Creation of dynamic property Conexion::$pass is deprecated in C:\xampp\htdocs\administracion\class\conexion.php on line 21
[29-Sep-2025 13:38:41 Europe/Berlin] PHP Deprecated:  Creation of dynamic property Conexion::$pass_locales is deprecated in C:\xampp\htdocs\administracion\class\conexion.php on line 22
[29-Sep-2025 13:38:41 Europe/Berlin] PHP Deprecated:  Creation of dynamic property Conexion::$character is deprecated in C:\xampp\htdocs\administracion\class\conexion.php on line 23
[29-Sep-2025 13:38:41 Europe/Berlin] PHP Deprecated:  Creation of dynamic property Conexion::$env is deprecated in C:\xampp\htdocs\administracion\class\conexion.php on line 24
[29-Sep-2025 13:38:41 Europe/Berlin] PHP Deprecated:  Creation of dynamic property Conexion::$prefix is deprecated in C:\xampp\htdocs\administracion\class\conexion.php on line 25
[29-Sep-2025 13:38:41 Europe/Berlin] PHP Deprecated:  Creation of dynamic property Conexion::$database_uy is deprecated in C:\xampp\htdocs\administracion\class\conexion.php on line 26
[29-Sep-2025 13:38:41 Europe/Berlin] PHP Deprecated:  Creation of dynamic property Conexion::$database_sucUy is deprecated in C:\xampp\htdocs\administracion\class\conexion.php on line 27
[29-Sep-2025 13:38:41 Europe/Berlin] Conexión a base de datos 'apps' establecida correctamente
[29-Sep-2025 13:38:41 Europe/Berlin] Acción solicitada: get_all_novedades
[29-Sep-2025 13:38:41 Europe/Berlin] PHP Deprecated:  Creation of dynamic property Conexion::$envVars is deprecated in C:\xampp\htdocs\administracion\class\conexion.php on line 11
[29-Sep-2025 13:38:41 Europe/Berlin] PHP Deprecated:  Creation of dynamic property Conexion::$host_central is deprecated in C:\xampp\htdocs\administracion\class\conexion.php on line 13
[29-Sep-2025 13:38:41 Europe/Berlin] PHP Deprecated:  Creation of dynamic property Conexion::$database_central is deprecated in C:\xampp\htdocs\administracion\class\conexion.php on line 14
[29-Sep-2025 13:38:41 Europe/Berlin] PHP Deprecated:  Creation of dynamic property Conexion::$host_locales is deprecated in C:\xampp\htdocs\administracion\class\conexion.php on line 15
[29-Sep-2025 13:38:41 Europe/Berlin] PHP Deprecated:  Creation of dynamic property Conexion::$host_apps is deprecated in C:\xampp\htdocs\administracion\class\conexion.php on line 16
[29-Sep-2025 13:38:41 Europe/Berlin] PHP Deprecated:  Creation of dynamic property Conexion::$database_locales is deprecated in C:\xampp\htdocs\administracion\class\conexion.php on line 17
[29-Sep-2025 13:38:41 Europe/Berlin] PHP Deprecated:  Creation of dynamic property Conexion::$database_tangobis is deprecated in C:\xampp\htdocs\administracion\class\conexion.php on line 18
[29-Sep-2025 13:38:41 Europe/Berlin] PHP Deprecated:  Creation of dynamic property Conexion::$database_apps is deprecated in C:\xampp\htdocs\administracion\class\conexion.php on line 19
[29-Sep-2025 13:38:41 Europe/Berlin] PHP Deprecated:  Creation of dynamic property Conexion::$user is deprecated in C:\xampp\htdocs\administracion\class\conexion.php on line 20
[29-Sep-2025 13:38:41 Europe/Berlin] PHP Deprecated:  Creation of dynamic property Conexion::$pass is deprecated in C:\xampp\htdocs\administracion\class\conexion.php on line 21
[29-Sep-2025 13:38:41 Europe/Berlin] PHP Deprecated:  Creation of dynamic property Conexion::$pass_locales is deprecated in C:\xampp\htdocs\administracion\class\conexion.php on line 22
[29-Sep-2025 13:38:41 Europe/Berlin] PHP Deprecated:  Creation of dynamic property Conexion::$character is deprecated in C:\xampp\htdocs\administracion\class\conexion.php on line 23
[29-Sep-2025 13:38:41 Europe/Berlin] PHP Deprecated:  Creation of dynamic property Conexion::$env is deprecated in C:\xampp\htdocs\administracion\class\conexion.php on line 24
[29-Sep-2025 13:38:41 Europe/Berlin] PHP Deprecated:  Creation of dynamic property Conexion::$prefix is deprecated in C:\xampp\htdocs\administracion\class\conexion.php on line 25
[29-Sep-2025 13:38:41 Europe/Berlin] PHP Deprecated:  Creation of dynamic property Conexion::$database_uy is deprecated in C:\xampp\htdocs\administracion\class\conexion.php on line 26
[29-Sep-2025 13:38:41 Europe/Berlin] PHP Deprecated:  Creation of dynamic property Conexion::$database_sucUy is deprecated in C:\xampp\htdocs\administracion\class\conexion.php on line 27
[29-Sep-2025 13:38:41 Europe/Berlin] Conexión a base de datos 'apps' establecida correctamente
[29-Sep-2025 13:38:41 Europe/Berlin] Acción solicitada: get_novedades
[29-Sep-2025 13:38:41 Europe/Berlin] PHP Deprecated:  Creation of dynamic property Conexion::$envVars is deprecated in C:\xampp\htdocs\administracion\class\conexion.php on line 11
[29-Sep-2025 13:38:41 Europe/Berlin] PHP Deprecated:  Creation of dynamic property Conexion::$host_central is deprecated in C:\xampp\htdocs\administracion\class\conexion.php on line 13
[29-Sep-2025 13:38:41 Europe/Berlin] PHP Deprecated:  Creation of dynamic property Conexion::$database_central is deprecated in C:\xampp\htdocs\administracion\class\conexion.php on line 14
[29-Sep-2025 13:38:41 Europe/Berlin] PHP Deprecated:  Creation of dynamic property Conexion::$host_locales is deprecated in C:\xampp\htdocs\administracion\class\conexion.php on line 15
[29-Sep-2025 13:38:41 Europe/Berlin] PHP Deprecated:  Creation of dynamic property Conexion::$host_apps is deprecated in C:\xampp\htdocs\administracion\class\conexion.php on line 16
[29-Sep-2025 13:38:41 Europe/Berlin] PHP Deprecated:  Creation of dynamic property Conexion::$database_locales is deprecated in C:\xampp\htdocs\administracion\class\conexion.php on line 17
[29-Sep-2025 13:38:41 Europe/Berlin] PHP Deprecated:  Creation of dynamic property Conexion::$database_tangobis is deprecated in C:\xampp\htdocs\administracion\class\conexion.php on line 18
[29-Sep-2025 13:38:41 Europe/Berlin] PHP Deprecated:  Creation of dynamic property Conexion::$database_apps is deprecated in C:\xampp\htdocs\administracion\class\conexion.php on line 19
[29-Sep-2025 13:38:41 Europe/Berlin] PHP Deprecated:  Creation of dynamic property Conexion::$user is deprecated in C:\xampp\htdocs\administracion\class\conexion.php on line 20
[29-Sep-2025 13:38:41 Europe/Berlin] PHP Deprecated:  Creation of dynamic property Conexion::$pass is deprecated in C:\xampp\htdocs\administracion\class\conexion.php on line 21
[29-Sep-2025 13:38:41 Europe/Berlin] PHP Deprecated:  Creation of dynamic property Conexion::$pass_locales is deprecated in C:\xampp\htdocs\administracion\class\conexion.php on line 22
[29-Sep-2025 13:38:41 Europe/Berlin] PHP Deprecated:  Creation of dynamic property Conexion::$character is deprecated in C:\xampp\htdocs\administracion\class\conexion.php on line 23
[29-Sep-2025 13:38:41 Europe/Berlin] PHP Deprecated:  Creation of dynamic property Conexion::$env is deprecated in C:\xampp\htdocs\administracion\class\conexion.php on line 24
[29-Sep-2025 13:38:41 Europe/Berlin] PHP Deprecated:  Creation of dynamic property Conexion::$prefix is deprecated in C:\xampp\htdocs\administracion\class\conexion.php on line 25
[29-Sep-2025 13:38:41 Europe/Berlin] PHP Deprecated:  Creation of dynamic property Conexion::$database_uy is deprecated in C:\xampp\htdocs\administracion\class\conexion.php on line 26
[29-Sep-2025 13:38:41 Europe/Berlin] PHP Deprecated:  Creation of dynamic property Conexion::$database_sucUy is deprecated in C:\xampp\htdocs\administracion\class\conexion.php on line 27
[29-Sep-2025 13:38:41 Europe/Berlin] Conexión a base de datos 'apps' establecida correctamente
[29-Sep-2025 13:38:42 Europe/Berlin] Acción solicitada: get_centros_costos
[29-Sep-2025 13:39:42 Europe/Berlin] PHP Deprecated:  Creation of dynamic property Conexion::$envVars is deprecated in C:\xampp\htdocs\administracion\class\conexion.php on line 11
[29-Sep-2025 13:39:42 Europe/Berlin] PHP Deprecated:  Creation of dynamic property Conexion::$host_central is deprecated in C:\xampp\htdocs\administracion\class\conexion.php on line 13
[29-Sep-2025 13:39:42 Europe/Berlin] PHP Deprecated:  Creation of dynamic property Conexion::$database_central is deprecated in C:\xampp\htdocs\administracion\class\conexion.php on line 14
[29-Sep-2025 13:39:42 Europe/Berlin] PHP Deprecated:  Creation of dynamic property Conexion::$host_locales is deprecated in C:\xampp\htdocs\administracion\class\conexion.php on line 15
[29-Sep-2025 13:39:42 Europe/Berlin] PHP Deprecated:  Creation of dynamic property Conexion::$host_apps is deprecated in C:\xampp\htdocs\administracion\class\conexion.php on line 16
[29-Sep-2025 13:39:42 Europe/Berlin] PHP Deprecated:  Creation of dynamic property Conexion::$database_locales is deprecated in C:\xampp\htdocs\administracion\class\conexion.php on line 17
[29-Sep-2025 13:39:42 Europe/Berlin] PHP Deprecated:  Creation of dynamic property Conexion::$database_tangobis is deprecated in C:\xampp\htdocs\administracion\class\conexion.php on line 18
[29-Sep-2025 13:39:42 Europe/Berlin] PHP Deprecated:  Creation of dynamic property Conexion::$database_apps is deprecated in C:\xampp\htdocs\administracion\class\conexion.php on line 19
[29-Sep-2025 13:39:42 Europe/Berlin] PHP Deprecated:  Creation of dynamic property Conexion::$user is deprecated in C:\xampp\htdocs\administracion\class\conexion.php on line 20
[29-Sep-2025 13:39:42 Europe/Berlin] PHP Deprecated:  Creation of dynamic property Conexion::$pass is deprecated in C:\xampp\htdocs\administracion\class\conexion.php on line 21
[29-Sep-2025 13:39:42 Europe/Berlin] PHP Deprecated:  Creation of dynamic property Conexion::$pass_locales is deprecated in C:\xampp\htdocs\administracion\class\conexion.php on line 22
[29-Sep-2025 13:39:42 Europe/Berlin] PHP Deprecated:  Creation of dynamic property Conexion::$character is deprecated in C:\xampp\htdocs\administracion\class\conexion.php on line 23
[29-Sep-2025 13:39:42 Europe/Berlin] PHP Deprecated:  Creation of dynamic property Conexion::$env is deprecated in C:\xampp\htdocs\administracion\class\conexion.php on line 24
[29-Sep-2025 13:39:42 Europe/Berlin] PHP Deprecated:  Creation of dynamic property Conexion::$prefix is deprecated in C:\xampp\htdocs\administracion\class\conexion.php on line 25
[29-Sep-2025 13:39:42 Europe/Berlin] PHP Deprecated:  Creation of dynamic property Conexion::$database_uy is deprecated in C:\xampp\htdocs\administracion\class\conexion.php on line 26
[29-Sep-2025 13:39:42 Europe/Berlin] PHP Deprecated:  Creation of dynamic property Conexion::$database_sucUy is deprecated in C:\xampp\htdocs\administracion\class\conexion.php on line 27
[29-Sep-2025 13:39:42 Europe/Berlin] Conexión a base de datos 'apps' establecida correctamente
[29-Sep-2025 13:39:42 Europe/Berlin] Acción solicitada: get_all_novedades
[29-Sep-2025 13:39:42 Europe/Berlin] PHP Deprecated:  Creation of dynamic property Conexion::$envVars is deprecated in C:\xampp\htdocs\administracion\class\conexion.php on line 11
[29-Sep-2025 13:39:42 Europe/Berlin] PHP Deprecated:  Creation of dynamic property Conexion::$host_central is deprecated in C:\xampp\htdocs\administracion\class\conexion.php on line 13
[29-Sep-2025 13:39:42 Europe/Berlin] PHP Deprecated:  Creation of dynamic property Conexion::$database_central is deprecated in C:\xampp\htdocs\administracion\class\conexion.php on line 14
[29-Sep-2025 13:39:42 Europe/Berlin] PHP Deprecated:  Creation of dynamic property Conexion::$host_locales is deprecated in C:\xampp\htdocs\administracion\class\conexion.php on line 15
[29-Sep-2025 13:39:42 Europe/Berlin] PHP Deprecated:  Creation of dynamic property Conexion::$host_apps is deprecated in C:\xampp\htdocs\administracion\class\conexion.php on line 16
[29-Sep-2025 13:39:42 Europe/Berlin] PHP Deprecated:  Creation of dynamic property Conexion::$database_locales is deprecated in C:\xampp\htdocs\administracion\class\conexion.php on line 17
[29-Sep-2025 13:39:42 Europe/Berlin] PHP Deprecated:  Creation of dynamic property Conexion::$database_tangobis is deprecated in C:\xampp\htdocs\administracion\class\conexion.php on line 18
[29-Sep-2025 13:39:42 Europe/Berlin] PHP Deprecated:  Creation of dynamic property Conexion::$database_apps is deprecated in C:\xampp\htdocs\administracion\class\conexion.php on line 19
[29-Sep-2025 13:39:42 Europe/Berlin] PHP Deprecated:  Creation of dynamic property Conexion::$user is deprecated in C:\xampp\htdocs\administracion\class\conexion.php on line 20
[29-Sep-2025 13:39:42 Europe/Berlin] PHP Deprecated:  Creation of dynamic property Conexion::$pass is deprecated in C:\xampp\htdocs\administracion\class\conexion.php on line 21
[29-Sep-2025 13:39:42 Europe/Berlin] PHP Deprecated:  Creation of dynamic property Conexion::$pass_locales is deprecated in C:\xampp\htdocs\administracion\class\conexion.php on line 22
[29-Sep-2025 13:39:42 Europe/Berlin] PHP Deprecated:  Creation of dynamic property Conexion::$character is deprecated in C:\xampp\htdocs\administracion\class\conexion.php on line 23
[29-Sep-2025 13:39:42 Europe/Berlin] PHP Deprecated:  Creation of dynamic property Conexion::$env is deprecated in C:\xampp\htdocs\administracion\class\conexion.php on line 24
[29-Sep-2025 13:39:42 Europe/Berlin] PHP Deprecated:  Creation of dynamic property Conexion::$prefix is deprecated in C:\xampp\htdocs\administracion\class\conexion.php on line 25
[29-Sep-2025 13:39:42 Europe/Berlin] PHP Deprecated:  Creation of dynamic property Conexion::$database_uy is deprecated in C:\xampp\htdocs\administracion\class\conexion.php on line 26
[29-Sep-2025 13:39:42 Europe/Berlin] PHP Deprecated:  Creation of dynamic property Conexion::$database_sucUy is deprecated in C:\xampp\htdocs\administracion\class\conexion.php on line 27
[29-Sep-2025 13:39:42 Europe/Berlin] Conexión a base de datos 'apps' establecida correctamente
[29-Sep-2025 13:39:42 Europe/Berlin] Acción solicitada: get_novedades
[29-Sep-2025 13:39:42 Europe/Berlin] PHP Deprecated:  Creation of dynamic property Conexion::$envVars is deprecated in C:\xampp\htdocs\administracion\class\conexion.php on line 11
[29-Sep-2025 13:39:42 Europe/Berlin] PHP Deprecated:  Creation of dynamic property Conexion::$host_central is deprecated in C:\xampp\htdocs\administracion\class\conexion.php on line 13
[29-Sep-2025 13:39:42 Europe/Berlin] PHP Deprecated:  Creation of dynamic property Conexion::$database_central is deprecated in C:\xampp\htdocs\administracion\class\conexion.php on line 14
[29-Sep-2025 13:39:42 Europe/Berlin] PHP Deprecated:  Creation of dynamic property Conexion::$host_locales is deprecated in C:\xampp\htdocs\administracion\class\conexion.php on line 15
[29-Sep-2025 13:39:42 Europe/Berlin] PHP Deprecated:  Creation of dynamic property Conexion::$host_apps is deprecated in C:\xampp\htdocs\administracion\class\conexion.php on line 16
[29-Sep-2025 13:39:42 Europe/Berlin] PHP Deprecated:  Creation of dynamic property Conexion::$database_locales is deprecated in C:\xampp\htdocs\administracion\class\conexion.php on line 17
[29-Sep-2025 13:39:42 Europe/Berlin] PHP Deprecated:  Creation of dynamic property Conexion::$database_tangobis is deprecated in C:\xampp\htdocs\administracion\class\conexion.php on line 18
[29-Sep-2025 13:39:42 Europe/Berlin] PHP Deprecated:  Creation of dynamic property Conexion::$database_apps is deprecated in C:\xampp\htdocs\administracion\class\conexion.php on line 19
[29-Sep-2025 13:39:42 Europe/Berlin] PHP Deprecated:  Creation of dynamic property Conexion::$user is deprecated in C:\xampp\htdocs\administracion\class\conexion.php on line 20
[29-Sep-2025 13:39:42 Europe/Berlin] PHP Deprecated:  Creation of dynamic property Conexion::$pass is deprecated in C:\xampp\htdocs\administracion\class\conexion.php on line 21
[29-Sep-2025 13:39:42 Europe/Berlin] PHP Deprecated:  Creation of dynamic property Conexion::$pass_locales is deprecated in C:\xampp\htdocs\administracion\class\conexion.php on line 22
[29-Sep-2025 13:39:42 Europe/Berlin] PHP Deprecated:  Creation of dynamic property Conexion::$character is deprecated in C:\xampp\htdocs\administracion\class\conexion.php on line 23
[29-Sep-2025 13:39:42 Europe/Berlin] PHP Deprecated:  Creation of dynamic property Conexion::$env is deprecated in C:\xampp\htdocs\administracion\class\conexion.php on line 24
[29-Sep-2025 13:39:42 Europe/Berlin] PHP Deprecated:  Creation of dynamic property Conexion::$prefix is deprecated in C:\xampp\htdocs\administracion\class\conexion.php on line 25
[29-Sep-2025 13:39:42 Europe/Berlin] PHP Deprecated:  Creation of dynamic property Conexion::$database_uy is deprecated in C:\xampp\htdocs\administracion\class\conexion.php on line 26
[29-Sep-2025 13:39:42 Europe/Berlin] PHP Deprecated:  Creation of dynamic property Conexion::$database_sucUy is deprecated in C:\xampp\htdocs\administracion\class\conexion.php on line 27
[29-Sep-2025 13:39:42 Europe/Berlin] Conexión a base de datos 'apps' establecida correctamente
[29-Sep-2025 13:39:42 Europe/Berlin] Acción solicitada: get_centros_costos
[29-Sep-2025 13:40:43 Europe/Berlin] PHP Deprecated:  Creation of dynamic property Conexion::$envVars is deprecated in C:\xampp\htdocs\administracion\class\conexion.php on line 11
[29-Sep-2025 13:40:43 Europe/Berlin] PHP Deprecated:  Creation of dynamic property Conexion::$host_central is deprecated in C:\xampp\htdocs\administracion\class\conexion.php on line 13
[29-Sep-2025 13:40:43 Europe/Berlin] PHP Deprecated:  Creation of dynamic property Conexion::$database_central is deprecated in C:\xampp\htdocs\administracion\class\conexion.php on line 14
[29-Sep-2025 13:40:43 Europe/Berlin] PHP Deprecated:  Creation of dynamic property Conexion::$host_locales is deprecated in C:\xampp\htdocs\administracion\class\conexion.php on line 15
[29-Sep-2025 13:40:43 Europe/Berlin] PHP Deprecated:  Creation of dynamic property Conexion::$host_apps is deprecated in C:\xampp\htdocs\administracion\class\conexion.php on line 16
[29-Sep-2025 13:40:43 Europe/Berlin] PHP Deprecated:  Creation of dynamic property Conexion::$database_locales is deprecated in C:\xampp\htdocs\administracion\class\conexion.php on line 17
[29-Sep-2025 13:40:43 Europe/Berlin] PHP Deprecated:  Creation of dynamic property Conexion::$database_tangobis is deprecated in C:\xampp\htdocs\administracion\class\conexion.php on line 18
[29-Sep-2025 13:40:43 Europe/Berlin] PHP Deprecated:  Creation of dynamic property Conexion::$database_apps is deprecated in C:\xampp\htdocs\administracion\class\conexion.php on line 19
[29-Sep-2025 13:40:43 Europe/Berlin] PHP Deprecated:  Creation of dynamic property Conexion::$user is deprecated in C:\xampp\htdocs\administracion\class\conexion.php on line 20
[29-Sep-2025 13:40:43 Europe/Berlin] PHP Deprecated:  Creation of dynamic property Conexion::$pass is deprecated in C:\xampp\htdocs\administracion\class\conexion.php on line 21
[29-Sep-2025 13:40:43 Europe/Berlin] PHP Deprecated:  Creation of dynamic property Conexion::$pass_locales is deprecated in C:\xampp\htdocs\administracion\class\conexion.php on line 22
[29-Sep-2025 13:40:43 Europe/Berlin] PHP Deprecated:  Creation of dynamic property Conexion::$character is deprecated in C:\xampp\htdocs\administracion\class\conexion.php on line 23
[29-Sep-2025 13:40:43 Europe/Berlin] PHP Deprecated:  Creation of dynamic property Conexion::$env is deprecated in C:\xampp\htdocs\administracion\class\conexion.php on line 24
[29-Sep-2025 13:40:43 Europe/Berlin] PHP Deprecated:  Creation of dynamic property Conexion::$prefix is deprecated in C:\xampp\htdocs\administracion\class\conexion.php on line 25
[29-Sep-2025 13:40:43 Europe/Berlin] PHP Deprecated:  Creation of dynamic property Conexion::$database_uy is deprecated in C:\xampp\htdocs\administracion\class\conexion.php on line 26
[29-Sep-2025 13:40:43 Europe/Berlin] PHP Deprecated:  Creation of dynamic property Conexion::$database_sucUy is deprecated in C:\xampp\htdocs\administracion\class\conexion.php on line 27
[29-Sep-2025 13:40:43 Europe/Berlin] Conexión a base de datos 'apps' establecida correctamente
[29-Sep-2025 13:40:43 Europe/Berlin] Acción solicitada: get_all_novedades
[29-Sep-2025 13:40:43 Europe/Berlin] PHP Deprecated:  Creation of dynamic property Conexion::$envVars is deprecated in C:\xampp\htdocs\administracion\class\conexion.php on line 11
[29-Sep-2025 13:40:43 Europe/Berlin] PHP Deprecated:  Creation of dynamic property Conexion::$host_central is deprecated in C:\xampp\htdocs\administracion\class\conexion.php on line 13
[29-Sep-2025 13:40:43 Europe/Berlin] PHP Deprecated:  Creation of dynamic property Conexion::$database_central is deprecated in C:\xampp\htdocs\administracion\class\conexion.php on line 14
[29-Sep-2025 13:40:43 Europe/Berlin] PHP Deprecated:  Creation of dynamic property Conexion::$host_locales is deprecated in C:\xampp\htdocs\administracion\class\conexion.php on line 15
[29-Sep-2025 13:40:43 Europe/Berlin] PHP Deprecated:  Creation of dynamic property Conexion::$host_apps is deprecated in C:\xampp\htdocs\administracion\class\conexion.php on line 16
[29-Sep-2025 13:40:43 Europe/Berlin] PHP Deprecated:  Creation of dynamic property Conexion::$database_locales is deprecated in C:\xampp\htdocs\administracion\class\conexion.php on line 17
[29-Sep-2025 13:40:43 Europe/Berlin] PHP Deprecated:  Creation of dynamic property Conexion::$database_tangobis is deprecated in C:\xampp\htdocs\administracion\class\conexion.php on line 18
[29-Sep-2025 13:40:43 Europe/Berlin] PHP Deprecated:  Creation of dynamic property Conexion::$database_apps is deprecated in C:\xampp\htdocs\administracion\class\conexion.php on line 19
[29-Sep-2025 13:40:43 Europe/Berlin] PHP Deprecated:  Creation of dynamic property Conexion::$user is deprecated in C:\xampp\htdocs\administracion\class\conexion.php on line 20
[29-Sep-2025 13:40:43 Europe/Berlin] PHP Deprecated:  Creation of dynamic property Conexion::$pass is deprecated in C:\xampp\htdocs\administracion\class\conexion.php on line 21
[29-Sep-2025 13:40:43 Europe/Berlin] PHP Deprecated:  Creation of dynamic property Conexion::$pass_locales is deprecated in C:\xampp\htdocs\administracion\class\conexion.php on line 22
[29-Sep-2025 13:40:43 Europe/Berlin] PHP Deprecated:  Creation of dynamic property Conexion::$character is deprecated in C:\xampp\htdocs\administracion\class\conexion.php on line 23
[29-Sep-2025 13:40:43 Europe/Berlin] PHP Deprecated:  Creation of dynamic property Conexion::$env is deprecated in C:\xampp\htdocs\administracion\class\conexion.php on line 24
[29-Sep-2025 13:40:43 Europe/Berlin] PHP Deprecated:  Creation of dynamic property Conexion::$prefix is deprecated in C:\xampp\htdocs\administracion\class\conexion.php on line 25
[29-Sep-2025 13:40:43 Europe/Berlin] PHP Deprecated:  Creation of dynamic property Conexion::$database_uy is deprecated in C:\xampp\htdocs\administracion\class\conexion.php on line 26
[29-Sep-2025 13:40:43 Europe/Berlin] PHP Deprecated:  Creation of dynamic property Conexion::$database_sucUy is deprecated in C:\xampp\htdocs\administracion\class\conexion.php on line 27
[29-Sep-2025 13:40:43 Europe/Berlin] Conexión a base de datos 'apps' establecida correctamente
[29-Sep-2025 13:40:43 Europe/Berlin] Acción solicitada: get_novedades
[29-Sep-2025 13:40:43 Europe/Berlin] PHP Deprecated:  Creation of dynamic property Conexion::$envVars is deprecated in C:\xampp\htdocs\administracion\class\conexion.php on line 11
[29-Sep-2025 13:40:43 Europe/Berlin] PHP Deprecated:  Creation of dynamic property Conexion::$host_central is deprecated in C:\xampp\htdocs\administracion\class\conexion.php on line 13
[29-Sep-2025 13:40:43 Europe/Berlin] PHP Deprecated:  Creation of dynamic property Conexion::$database_central is deprecated in C:\xampp\htdocs\administracion\class\conexion.php on line 14
[29-Sep-2025 13:40:43 Europe/Berlin] PHP Deprecated:  Creation of dynamic property Conexion::$host_locales is deprecated in C:\xampp\htdocs\administracion\class\conexion.php on line 15
[29-Sep-2025 13:40:43 Europe/Berlin] PHP Deprecated:  Creation of dynamic property Conexion::$host_apps is deprecated in C:\xampp\htdocs\administracion\class\conexion.php on line 16
[29-Sep-2025 13:40:43 Europe/Berlin] PHP Deprecated:  Creation of dynamic property Conexion::$database_locales is deprecated in C:\xampp\htdocs\administracion\class\conexion.php on line 17
[29-Sep-2025 13:40:43 Europe/Berlin] PHP Deprecated:  Creation of dynamic property Conexion::$database_tangobis is deprecated in C:\xampp\htdocs\administracion\class\conexion.php on line 18
[29-Sep-2025 13:40:43 Europe/Berlin] PHP Deprecated:  Creation of dynamic property Conexion::$database_apps is deprecated in C:\xampp\htdocs\administracion\class\conexion.php on line 19
[29-Sep-2025 13:40:43 Europe/Berlin] PHP Deprecated:  Creation of dynamic property Conexion::$user is deprecated in C:\xampp\htdocs\administracion\class\conexion.php on line 20
[29-Sep-2025 13:40:43 Europe/Berlin] PHP Deprecated:  Creation of dynamic property Conexion::$pass is deprecated in C:\xampp\htdocs\administracion\class\conexion.php on line 21
[29-Sep-2025 13:40:43 Europe/Berlin] PHP Deprecated:  Creation of dynamic property Conexion::$pass_locales is deprecated in C:\xampp\htdocs\administracion\class\conexion.php on line 22
[29-Sep-2025 13:40:43 Europe/Berlin] PHP Deprecated:  Creation of dynamic property Conexion::$character is deprecated in C:\xampp\htdocs\administracion\class\conexion.php on line 23
[29-Sep-2025 13:40:43 Europe/Berlin] PHP Deprecated:  Creation of dynamic property Conexion::$env is deprecated in C:\xampp\htdocs\administracion\class\conexion.php on line 24
[29-Sep-2025 13:40:43 Europe/Berlin] PHP Deprecated:  Creation of dynamic property Conexion::$prefix is deprecated in C:\xampp\htdocs\administracion\class\conexion.php on line 25
[29-Sep-2025 13:40:43 Europe/Berlin] PHP Deprecated:  Creation of dynamic property Conexion::$database_uy is deprecated in C:\xampp\htdocs\administracion\class\conexion.php on line 26
[29-Sep-2025 13:40:43 Europe/Berlin] PHP Deprecated:  Creation of dynamic property Conexion::$database_sucUy is deprecated in C:\xampp\htdocs\administracion\class\conexion.php on line 27
[29-Sep-2025 13:40:43 Europe/Berlin] Conexión a base de datos 'apps' establecida correctamente
[29-Sep-2025 13:40:43 Europe/Berlin] Acción solicitada: get_centros_costos
[29-Sep-2025 13:41:44 Europe/Berlin] PHP Deprecated:  Creation of dynamic property Conexion::$envVars is deprecated in C:\xampp\htdocs\administracion\class\conexion.php on line 11
[29-Sep-2025 13:41:44 Europe/Berlin] PHP Deprecated:  Creation of dynamic property Conexion::$host_central is deprecated in C:\xampp\htdocs\administracion\class\conexion.php on line 13
[29-Sep-2025 13:41:44 Europe/Berlin] PHP Deprecated:  Creation of dynamic property Conexion::$database_central is deprecated in C:\xampp\htdocs\administracion\class\conexion.php on line 14
[29-Sep-2025 13:41:44 Europe/Berlin] PHP Deprecated:  Creation of dynamic property Conexion::$host_locales is deprecated in C:\xampp\htdocs\administracion\class\conexion.php on line 15
[29-Sep-2025 13:41:44 Europe/Berlin] PHP Deprecated:  Creation of dynamic property Conexion::$host_apps is deprecated in C:\xampp\htdocs\administracion\class\conexion.php on line 16
[29-Sep-2025 13:41:44 Europe/Berlin] PHP Deprecated:  Creation of dynamic property Conexion::$database_locales is deprecated in C:\xampp\htdocs\administracion\class\conexion.php on line 17
[29-Sep-2025 13:41:44 Europe/Berlin] PHP Deprecated:  Creation of dynamic property Conexion::$database_tangobis is deprecated in C:\xampp\htdocs\administracion\class\conexion.php on line 18
[29-Sep-2025 13:41:44 Europe/Berlin] PHP Deprecated:  Creation of dynamic property Conexion::$database_apps is deprecated in C:\xampp\htdocs\administracion\class\conexion.php on line 19
[29-Sep-2025 13:41:44 Europe/Berlin] PHP Deprecated:  Creation of dynamic property Conexion::$user is deprecated in C:\xampp\htdocs\administracion\class\conexion.php on line 20
[29-Sep-2025 13:41:44 Europe/Berlin] PHP Deprecated:  Creation of dynamic property Conexion::$pass is deprecated in C:\xampp\htdocs\administracion\class\conexion.php on line 21
[29-Sep-2025 13:41:44 Europe/Berlin] PHP Deprecated:  Creation of dynamic property Conexion::$pass_locales is deprecated in C:\xampp\htdocs\administracion\class\conexion.php on line 22
[29-Sep-2025 13:41:44 Europe/Berlin] PHP Deprecated:  Creation of dynamic property Conexion::$character is deprecated in C:\xampp\htdocs\administracion\class\conexion.php on line 23
[29-Sep-2025 13:41:44 Europe/Berlin] PHP Deprecated:  Creation of dynamic property Conexion::$env is deprecated in C:\xampp\htdocs\administracion\class\conexion.php on line 24
[29-Sep-2025 13:41:44 Europe/Berlin] PHP Deprecated:  Creation of dynamic property Conexion::$prefix is deprecated in C:\xampp\htdocs\administracion\class\conexion.php on line 25
[29-Sep-2025 13:41:44 Europe/Berlin] PHP Deprecated:  Creation of dynamic property Conexion::$database_uy is deprecated in C:\xampp\htdocs\administracion\class\conexion.php on line 26
[29-Sep-2025 13:41:44 Europe/Berlin] PHP Deprecated:  Creation of dynamic property Conexion::$database_sucUy is deprecated in C:\xampp\htdocs\administracion\class\conexion.php on line 27
[29-Sep-2025 13:41:44 Europe/Berlin] Conexión a base de datos 'apps' establecida correctamente
[29-Sep-2025 13:41:44 Europe/Berlin] Acción solicitada: get_all_novedades
[29-Sep-2025 13:41:44 Europe/Berlin] PHP Deprecated:  Creation of dynamic property Conexion::$envVars is deprecated in C:\xampp\htdocs\administracion\class\conexion.php on line 11
[29-Sep-2025 13:41:44 Europe/Berlin] PHP Deprecated:  Creation of dynamic property Conexion::$host_central is deprecated in C:\xampp\htdocs\administracion\class\conexion.php on line 13
[29-Sep-2025 13:41:44 Europe/Berlin] PHP Deprecated:  Creation of dynamic property Conexion::$database_central is deprecated in C:\xampp\htdocs\administracion\class\conexion.php on line 14
[29-Sep-2025 13:41:44 Europe/Berlin] PHP Deprecated:  Creation of dynamic property Conexion::$host_locales is deprecated in C:\xampp\htdocs\administracion\class\conexion.php on line 15
[29-Sep-2025 13:41:44 Europe/Berlin] PHP Deprecated:  Creation of dynamic property Conexion::$host_apps is deprecated in C:\xampp\htdocs\administracion\class\conexion.php on line 16
[29-Sep-2025 13:41:44 Europe/Berlin] PHP Deprecated:  Creation of dynamic property Conexion::$database_locales is deprecated in C:\xampp\htdocs\administracion\class\conexion.php on line 17
[29-Sep-2025 13:41:44 Europe/Berlin] PHP Deprecated:  Creation of dynamic property Conexion::$database_tangobis is deprecated in C:\xampp\htdocs\administracion\class\conexion.php on line 18
[29-Sep-2025 13:41:44 Europe/Berlin] PHP Deprecated:  Creation of dynamic property Conexion::$database_apps is deprecated in C:\xampp\htdocs\administracion\class\conexion.php on line 19
[29-Sep-2025 13:41:44 Europe/Berlin] PHP Deprecated:  Creation of dynamic property Conexion::$user is deprecated in C:\xampp\htdocs\administracion\class\conexion.php on line 20
[29-Sep-2025 13:41:44 Europe/Berlin] PHP Deprecated:  Creation of dynamic property Conexion::$pass is deprecated in C:\xampp\htdocs\administracion\class\conexion.php on line 21
[29-Sep-2025 13:41:44 Europe/Berlin] PHP Deprecated:  Creation of dynamic property Conexion::$pass_locales is deprecated in C:\xampp\htdocs\administracion\class\conexion.php on line 22
[29-Sep-2025 13:41:44 Europe/Berlin] PHP Deprecated:  Creation of dynamic property Conexion::$character is deprecated in C:\xampp\htdocs\administracion\class\conexion.php on line 23
[29-Sep-2025 13:41:44 Europe/Berlin] PHP Deprecated:  Creation of dynamic property Conexion::$env is deprecated in C:\xampp\htdocs\administracion\class\conexion.php on line 24
[29-Sep-2025 13:41:44 Europe/Berlin] PHP Deprecated:  Creation of dynamic property Conexion::$prefix is deprecated in C:\xampp\htdocs\administracion\class\conexion.php on line 25
[29-Sep-2025 13:41:44 Europe/Berlin] PHP Deprecated:  Creation of dynamic property Conexion::$database_uy is deprecated in C:\xampp\htdocs\administracion\class\conexion.php on line 26
[29-Sep-2025 13:41:44 Europe/Berlin] PHP Deprecated:  Creation of dynamic property Conexion::$database_sucUy is deprecated in C:\xampp\htdocs\administracion\class\conexion.php on line 27
[29-Sep-2025 13:41:44 Europe/Berlin] Conexión a base de datos 'apps' establecida correctamente
[29-Sep-2025 13:41:44 Europe/Berlin] Acción solicitada: get_novedades
[29-Sep-2025 13:41:44 Europe/Berlin] PHP Deprecated:  Creation of dynamic property Conexion::$envVars is deprecated in C:\xampp\htdocs\administracion\class\conexion.php on line 11
[29-Sep-2025 13:41:44 Europe/Berlin] PHP Deprecated:  Creation of dynamic property Conexion::$host_central is deprecated in C:\xampp\htdocs\administracion\class\conexion.php on line 13
[29-Sep-2025 13:41:44 Europe/Berlin] PHP Deprecated:  Creation of dynamic property Conexion::$database_central is deprecated in C:\xampp\htdocs\administracion\class\conexion.php on line 14
[29-Sep-2025 13:41:44 Europe/Berlin] PHP Deprecated:  Creation of dynamic property Conexion::$host_locales is deprecated in C:\xampp\htdocs\administracion\class\conexion.php on line 15
[29-Sep-2025 13:41:44 Europe/Berlin] PHP Deprecated:  Creation of dynamic property Conexion::$host_apps is deprecated in C:\xampp\htdocs\administracion\class\conexion.php on line 16
[29-Sep-2025 13:41:44 Europe/Berlin] PHP Deprecated:  Creation of dynamic property Conexion::$database_locales is deprecated in C:\xampp\htdocs\administracion\class\conexion.php on line 17
[29-Sep-2025 13:41:44 Europe/Berlin] PHP Deprecated:  Creation of dynamic property Conexion::$database_tangobis is deprecated in C:\xampp\htdocs\administracion\class\conexion.php on line 18
[29-Sep-2025 13:41:44 Europe/Berlin] PHP Deprecated:  Creation of dynamic property Conexion::$database_apps is deprecated in C:\xampp\htdocs\administracion\class\conexion.php on line 19
[29-Sep-2025 13:41:44 Europe/Berlin] PHP Deprecated:  Creation of dynamic property Conexion::$user is deprecated in C:\xampp\htdocs\administracion\class\conexion.php on line 20
[29-Sep-2025 13:41:44 Europe/Berlin] PHP Deprecated:  Creation of dynamic property Conexion::$pass is deprecated in C:\xampp\htdocs\administracion\class\conexion.php on line 21
[29-Sep-2025 13:41:44 Europe/Berlin] PHP Deprecated:  Creation of dynamic property Conexion::$pass_locales is deprecated in C:\xampp\htdocs\administracion\class\conexion.php on line 22
[29-Sep-2025 13:41:44 Europe/Berlin] PHP Deprecated:  Creation of dynamic property Conexion::$character is deprecated in C:\xampp\htdocs\administracion\class\conexion.php on line 23
[29-Sep-2025 13:41:44 Europe/Berlin] PHP Deprecated:  Creation of dynamic property Conexion::$env is deprecated in C:\xampp\htdocs\administracion\class\conexion.php on line 24
[29-Sep-2025 13:41:44 Europe/Berlin] PHP Deprecated:  Creation of dynamic property Conexion::$prefix is deprecated in C:\xampp\htdocs\administracion\class\conexion.php on line 25
[29-Sep-2025 13:41:44 Europe/Berlin] PHP Deprecated:  Creation of dynamic property Conexion::$database_uy is deprecated in C:\xampp\htdocs\administracion\class\conexion.php on line 26
[29-Sep-2025 13:41:44 Europe/Berlin] PHP Deprecated:  Creation of dynamic property Conexion::$database_sucUy is deprecated in C:\xampp\htdocs\administracion\class\conexion.php on line 27
[29-Sep-2025 13:41:44 Europe/Berlin] Conexión a base de datos 'apps' establecida correctamente
[29-Sep-2025 13:41:44 Europe/Berlin] Acción solicitada: get_centros_costos
[29-Sep-2025 13:42:44 Europe/Berlin] PHP Deprecated:  Creation of dynamic property Conexion::$envVars is deprecated in C:\xampp\htdocs\administracion\class\conexion.php on line 11
[29-Sep-2025 13:42:44 Europe/Berlin] PHP Deprecated:  Creation of dynamic property Conexion::$host_central is deprecated in C:\xampp\htdocs\administracion\class\conexion.php on line 13
[29-Sep-2025 13:42:44 Europe/Berlin] PHP Deprecated:  Creation of dynamic property Conexion::$database_central is deprecated in C:\xampp\htdocs\administracion\class\conexion.php on line 14
[29-Sep-2025 13:42:44 Europe/Berlin] PHP Deprecated:  Creation of dynamic property Conexion::$host_locales is deprecated in C:\xampp\htdocs\administracion\class\conexion.php on line 15
[29-Sep-2025 13:42:44 Europe/Berlin] PHP Deprecated:  Creation of dynamic property Conexion::$host_apps is deprecated in C:\xampp\htdocs\administracion\class\conexion.php on line 16
[29-Sep-2025 13:42:44 Europe/Berlin] PHP Deprecated:  Creation of dynamic property Conexion::$database_locales is deprecated in C:\xampp\htdocs\administracion\class\conexion.php on line 17
[29-Sep-2025 13:42:44 Europe/Berlin] PHP Deprecated:  Creation of dynamic property Conexion::$database_tangobis is deprecated in C:\xampp\htdocs\administracion\class\conexion.php on line 18
[29-Sep-2025 13:42:44 Europe/Berlin] PHP Deprecated:  Creation of dynamic property Conexion::$database_apps is deprecated in C:\xampp\htdocs\administracion\class\conexion.php on line 19
[29-Sep-2025 13:42:44 Europe/Berlin] PHP Deprecated:  Creation of dynamic property Conexion::$user is deprecated in C:\xampp\htdocs\administracion\class\conexion.php on line 20
[29-Sep-2025 13:42:44 Europe/Berlin] PHP Deprecated:  Creation of dynamic property Conexion::$pass is deprecated in C:\xampp\htdocs\administracion\class\conexion.php on line 21
[29-Sep-2025 13:42:44 Europe/Berlin] PHP Deprecated:  Creation of dynamic property Conexion::$pass_locales is deprecated in C:\xampp\htdocs\administracion\class\conexion.php on line 22
[29-Sep-2025 13:42:44 Europe/Berlin] PHP Deprecated:  Creation of dynamic property Conexion::$character is deprecated in C:\xampp\htdocs\administracion\class\conexion.php on line 23
[29-Sep-2025 13:42:44 Europe/Berlin] PHP Deprecated:  Creation of dynamic property Conexion::$env is deprecated in C:\xampp\htdocs\administracion\class\conexion.php on line 24
[29-Sep-2025 13:42:44 Europe/Berlin] PHP Deprecated:  Creation of dynamic property Conexion::$prefix is deprecated in C:\xampp\htdocs\administracion\class\conexion.php on line 25
[29-Sep-2025 13:42:44 Europe/Berlin] PHP Deprecated:  Creation of dynamic property Conexion::$database_uy is deprecated in C:\xampp\htdocs\administracion\class\conexion.php on line 26
[29-Sep-2025 13:42:44 Europe/Berlin] PHP Deprecated:  Creation of dynamic property Conexion::$database_sucUy is deprecated in C:\xampp\htdocs\administracion\class\conexion.php on line 27
[29-Sep-2025 13:42:44 Europe/Berlin] Conexión a base de datos 'apps' establecida correctamente
[29-Sep-2025 13:42:44 Europe/Berlin] Acción solicitada: get_all_novedades
[29-Sep-2025 13:42:44 Europe/Berlin] PHP Deprecated:  Creation of dynamic property Conexion::$envVars is deprecated in C:\xampp\htdocs\administracion\class\conexion.php on line 11
[29-Sep-2025 13:42:44 Europe/Berlin] PHP Deprecated:  Creation of dynamic property Conexion::$host_central is deprecated in C:\xampp\htdocs\administracion\class\conexion.php on line 13
[29-Sep-2025 13:42:44 Europe/Berlin] PHP Deprecated:  Creation of dynamic property Conexion::$database_central is deprecated in C:\xampp\htdocs\administracion\class\conexion.php on line 14
[29-Sep-2025 13:42:44 Europe/Berlin] PHP Deprecated:  Creation of dynamic property Conexion::$host_locales is deprecated in C:\xampp\htdocs\administracion\class\conexion.php on line 15
[29-Sep-2025 13:42:44 Europe/Berlin] PHP Deprecated:  Creation of dynamic property Conexion::$host_apps is deprecated in C:\xampp\htdocs\administracion\class\conexion.php on line 16
[29-Sep-2025 13:42:44 Europe/Berlin] PHP Deprecated:  Creation of dynamic property Conexion::$database_locales is deprecated in C:\xampp\htdocs\administracion\class\conexion.php on line 17
[29-Sep-2025 13:42:44 Europe/Berlin] PHP Deprecated:  Creation of dynamic property Conexion::$database_tangobis is deprecated in C:\xampp\htdocs\administracion\class\conexion.php on line 18
[29-Sep-2025 13:42:44 Europe/Berlin] PHP Deprecated:  Creation of dynamic property Conexion::$database_apps is deprecated in C:\xampp\htdocs\administracion\class\conexion.php on line 19
[29-Sep-2025 13:42:44 Europe/Berlin] PHP Deprecated:  Creation of dynamic property Conexion::$user is deprecated in C:\xampp\htdocs\administracion\class\conexion.php on line 20
[29-Sep-2025 13:42:44 Europe/Berlin] PHP Deprecated:  Creation of dynamic property Conexion::$pass is deprecated in C:\xampp\htdocs\administracion\class\conexion.php on line 21
[29-Sep-2025 13:42:44 Europe/Berlin] PHP Deprecated:  Creation of dynamic property Conexion::$pass_locales is deprecated in C:\xampp\htdocs\administracion\class\conexion.php on line 22
[29-Sep-2025 13:42:44 Europe/Berlin] PHP Deprecated:  Creation of dynamic property Conexion::$character is deprecated in C:\xampp\htdocs\administracion\class\conexion.php on line 23
[29-Sep-2025 13:42:44 Europe/Berlin] PHP Deprecated:  Creation of dynamic property Conexion::$env is deprecated in C:\xampp\htdocs\administracion\class\conexion.php on line 24
[29-Sep-2025 13:42:44 Europe/Berlin] PHP Deprecated:  Creation of dynamic property Conexion::$prefix is deprecated in C:\xampp\htdocs\administracion\class\conexion.php on line 25
[29-Sep-2025 13:42:44 Europe/Berlin] PHP Deprecated:  Creation of dynamic property Conexion::$database_uy is deprecated in C:\xampp\htdocs\administracion\class\conexion.php on line 26
[29-Sep-2025 13:42:44 Europe/Berlin] PHP Deprecated:  Creation of dynamic property Conexion::$database_sucUy is deprecated in C:\xampp\htdocs\administracion\class\conexion.php on line 27
[29-Sep-2025 13:42:44 Europe/Berlin] Conexión a base de datos 'apps' establecida correctamente
[29-Sep-2025 13:42:44 Europe/Berlin] Acción solicitada: get_novedades
[29-Sep-2025 13:42:44 Europe/Berlin] PHP Deprecated:  Creation of dynamic property Conexion::$envVars is deprecated in C:\xampp\htdocs\administracion\class\conexion.php on line 11
[29-Sep-2025 13:42:44 Europe/Berlin] PHP Deprecated:  Creation of dynamic property Conexion::$host_central is deprecated in C:\xampp\htdocs\administracion\class\conexion.php on line 13
[29-Sep-2025 13:42:44 Europe/Berlin] PHP Deprecated:  Creation of dynamic property Conexion::$database_central is deprecated in C:\xampp\htdocs\administracion\class\conexion.php on line 14
[29-Sep-2025 13:42:44 Europe/Berlin] PHP Deprecated:  Creation of dynamic property Conexion::$host_locales is deprecated in C:\xampp\htdocs\administracion\class\conexion.php on line 15
[29-Sep-2025 13:42:44 Europe/Berlin] PHP Deprecated:  Creation of dynamic property Conexion::$host_apps is deprecated in C:\xampp\htdocs\administracion\class\conexion.php on line 16
[29-Sep-2025 13:42:44 Europe/Berlin] PHP Deprecated:  Creation of dynamic property Conexion::$database_locales is deprecated in C:\xampp\htdocs\administracion\class\conexion.php on line 17
[29-Sep-2025 13:42:44 Europe/Berlin] PHP Deprecated:  Creation of dynamic property Conexion::$database_tangobis is deprecated in C:\xampp\htdocs\administracion\class\conexion.php on line 18
[29-Sep-2025 13:42:44 Europe/Berlin] PHP Deprecated:  Creation of dynamic property Conexion::$database_apps is deprecated in C:\xampp\htdocs\administracion\class\conexion.php on line 19
[29-Sep-2025 13:42:44 Europe/Berlin] PHP Deprecated:  Creation of dynamic property Conexion::$user is deprecated in C:\xampp\htdocs\administracion\class\conexion.php on line 20
[29-Sep-2025 13:42:44 Europe/Berlin] PHP Deprecated:  Creation of dynamic property Conexion::$pass is deprecated in C:\xampp\htdocs\administracion\class\conexion.php on line 21
[29-Sep-2025 13:42:44 Europe/Berlin] PHP Deprecated:  Creation of dynamic property Conexion::$pass_locales is deprecated in C:\xampp\htdocs\administracion\class\conexion.php on line 22
[29-Sep-2025 13:42:44 Europe/Berlin] PHP Deprecated:  Creation of dynamic property Conexion::$character is deprecated in C:\xampp\htdocs\administracion\class\conexion.php on line 23
[29-Sep-2025 13:42:44 Europe/Berlin] PHP Deprecated:  Creation of dynamic property Conexion::$env is deprecated in C:\xampp\htdocs\administracion\class\conexion.php on line 24
[29-Sep-2025 13:42:44 Europe/Berlin] PHP Deprecated:  Creation of dynamic property Conexion::$prefix is deprecated in C:\xampp\htdocs\administracion\class\conexion.php on line 25
[29-Sep-2025 13:42:44 Europe/Berlin] PHP Deprecated:  Creation of dynamic property Conexion::$database_uy is deprecated in C:\xampp\htdocs\administracion\class\conexion.php on line 26
[29-Sep-2025 13:42:44 Europe/Berlin] PHP Deprecated:  Creation of dynamic property Conexion::$database_sucUy is deprecated in C:\xampp\htdocs\administracion\class\conexion.php on line 27
[29-Sep-2025 13:42:44 Europe/Berlin] Conexión a base de datos 'apps' establecida correctamente
[29-Sep-2025 13:42:44 Europe/Berlin] Acción solicitada: get_centros_costos
[29-Sep-2025 13:43:03 Europe/Berlin] PHP Deprecated:  Creation of dynamic property Conexion::$envVars is deprecated in C:\xampp\htdocs\administracion\class\conexion.php on line 11
[29-Sep-2025 13:43:03 Europe/Berlin] PHP Deprecated:  Creation of dynamic property Conexion::$host_central is deprecated in C:\xampp\htdocs\administracion\class\conexion.php on line 13
[29-Sep-2025 13:43:03 Europe/Berlin] PHP Deprecated:  Creation of dynamic property Conexion::$database_central is deprecated in C:\xampp\htdocs\administracion\class\conexion.php on line 14
[29-Sep-2025 13:43:03 Europe/Berlin] PHP Deprecated:  Creation of dynamic property Conexion::$host_locales is deprecated in C:\xampp\htdocs\administracion\class\conexion.php on line 15
[29-Sep-2025 13:43:03 Europe/Berlin] PHP Deprecated:  Creation of dynamic property Conexion::$host_apps is deprecated in C:\xampp\htdocs\administracion\class\conexion.php on line 16
[29-Sep-2025 13:43:03 Europe/Berlin] PHP Deprecated:  Creation of dynamic property Conexion::$database_locales is deprecated in C:\xampp\htdocs\administracion\class\conexion.php on line 17
[29-Sep-2025 13:43:03 Europe/Berlin] PHP Deprecated:  Creation of dynamic property Conexion::$database_tangobis is deprecated in C:\xampp\htdocs\administracion\class\conexion.php on line 18
[29-Sep-2025 13:43:03 Europe/Berlin] PHP Deprecated:  Creation of dynamic property Conexion::$database_apps is deprecated in C:\xampp\htdocs\administracion\class\conexion.php on line 19
[29-Sep-2025 13:43:03 Europe/Berlin] PHP Deprecated:  Creation of dynamic property Conexion::$user is deprecated in C:\xampp\htdocs\administracion\class\conexion.php on line 20
[29-Sep-2025 13:43:03 Europe/Berlin] PHP Deprecated:  Creation of dynamic property Conexion::$pass is deprecated in C:\xampp\htdocs\administracion\class\conexion.php on line 21
[29-Sep-2025 13:43:03 Europe/Berlin] PHP Deprecated:  Creation of dynamic property Conexion::$pass_locales is deprecated in C:\xampp\htdocs\administracion\class\conexion.php on line 22
[29-Sep-2025 13:43:03 Europe/Berlin] PHP Deprecated:  Creation of dynamic property Conexion::$character is deprecated in C:\xampp\htdocs\administracion\class\conexion.php on line 23
[29-Sep-2025 13:43:03 Europe/Berlin] PHP Deprecated:  Creation of dynamic property Conexion::$env is deprecated in C:\xampp\htdocs\administracion\class\conexion.php on line 24
[29-Sep-2025 13:43:03 Europe/Berlin] PHP Deprecated:  Creation of dynamic property Conexion::$prefix is deprecated in C:\xampp\htdocs\administracion\class\conexion.php on line 25
[29-Sep-2025 13:43:03 Europe/Berlin] PHP Deprecated:  Creation of dynamic property Conexion::$database_uy is deprecated in C:\xampp\htdocs\administracion\class\conexion.php on line 26
[29-Sep-2025 13:43:03 Europe/Berlin] PHP Deprecated:  Creation of dynamic property Conexion::$database_sucUy is deprecated in C:\xampp\htdocs\administracion\class\conexion.php on line 27
[29-Sep-2025 13:43:03 Europe/Berlin] Conexión a base de datos 'apps' establecida correctamente
[29-Sep-2025 13:43:03 Europe/Berlin] Acción solicitada: get_all_novedades
[29-Sep-2025 13:43:03 Europe/Berlin] PHP Deprecated:  Creation of dynamic property Conexion::$envVars is deprecated in C:\xampp\htdocs\administracion\class\conexion.php on line 11
[29-Sep-2025 13:43:03 Europe/Berlin] PHP Deprecated:  Creation of dynamic property Conexion::$host_central is deprecated in C:\xampp\htdocs\administracion\class\conexion.php on line 13
[29-Sep-2025 13:43:03 Europe/Berlin] PHP Deprecated:  Creation of dynamic property Conexion::$database_central is deprecated in C:\xampp\htdocs\administracion\class\conexion.php on line 14
[29-Sep-2025 13:43:03 Europe/Berlin] PHP Deprecated:  Creation of dynamic property Conexion::$host_locales is deprecated in C:\xampp\htdocs\administracion\class\conexion.php on line 15
[29-Sep-2025 13:43:03 Europe/Berlin] PHP Deprecated:  Creation of dynamic property Conexion::$host_apps is deprecated in C:\xampp\htdocs\administracion\class\conexion.php on line 16
[29-Sep-2025 13:43:03 Europe/Berlin] PHP Deprecated:  Creation of dynamic property Conexion::$database_locales is deprecated in C:\xampp\htdocs\administracion\class\conexion.php on line 17
[29-Sep-2025 13:43:03 Europe/Berlin] PHP Deprecated:  Creation of dynamic property Conexion::$database_tangobis is deprecated in C:\xampp\htdocs\administracion\class\conexion.php on line 18
[29-Sep-2025 13:43:03 Europe/Berlin] PHP Deprecated:  Creation of dynamic property Conexion::$database_apps is deprecated in C:\xampp\htdocs\administracion\class\conexion.php on line 19
[29-Sep-2025 13:43:03 Europe/Berlin] PHP Deprecated:  Creation of dynamic property Conexion::$user is deprecated in C:\xampp\htdocs\administracion\class\conexion.php on line 20
[29-Sep-2025 13:43:03 Europe/Berlin] PHP Deprecated:  Creation of dynamic property Conexion::$pass is deprecated in C:\xampp\htdocs\administracion\class\conexion.php on line 21
[29-Sep-2025 13:43:03 Europe/Berlin] PHP Deprecated:  Creation of dynamic property Conexion::$pass_locales is deprecated in C:\xampp\htdocs\administracion\class\conexion.php on line 22
[29-Sep-2025 13:43:03 Europe/Berlin] PHP Deprecated:  Creation of dynamic property Conexion::$character is deprecated in C:\xampp\htdocs\administracion\class\conexion.php on line 23
[29-Sep-2025 13:43:03 Europe/Berlin] PHP Deprecated:  Creation of dynamic property Conexion::$env is deprecated in C:\xampp\htdocs\administracion\class\conexion.php on line 24
[29-Sep-2025 13:43:03 Europe/Berlin] PHP Deprecated:  Creation of dynamic property Conexion::$prefix is deprecated in C:\xampp\htdocs\administracion\class\conexion.php on line 25
[29-Sep-2025 13:43:03 Europe/Berlin] PHP Deprecated:  Creation of dynamic property Conexion::$database_uy is deprecated in C:\xampp\htdocs\administracion\class\conexion.php on line 26
[29-Sep-2025 13:43:03 Europe/Berlin] PHP Deprecated:  Creation of dynamic property Conexion::$database_sucUy is deprecated in C:\xampp\htdocs\administracion\class\conexion.php on line 27
[29-Sep-2025 13:43:03 Europe/Berlin] Conexión a base de datos 'apps' establecida correctamente
[29-Sep-2025 13:43:03 Europe/Berlin] Acción solicitada: get_novedades
[29-Sep-2025 13:43:03 Europe/Berlin] PHP Deprecated:  Creation of dynamic property Conexion::$envVars is deprecated in C:\xampp\htdocs\administracion\class\conexion.php on line 11
[29-Sep-2025 13:43:03 Europe/Berlin] PHP Deprecated:  Creation of dynamic property Conexion::$host_central is deprecated in C:\xampp\htdocs\administracion\class\conexion.php on line 13
[29-Sep-2025 13:43:03 Europe/Berlin] PHP Deprecated:  Creation of dynamic property Conexion::$database_central is deprecated in C:\xampp\htdocs\administracion\class\conexion.php on line 14
[29-Sep-2025 13:43:03 Europe/Berlin] PHP Deprecated:  Creation of dynamic property Conexion::$host_locales is deprecated in C:\xampp\htdocs\administracion\class\conexion.php on line 15
[29-Sep-2025 13:43:03 Europe/Berlin] PHP Deprecated:  Creation of dynamic property Conexion::$host_apps is deprecated in C:\xampp\htdocs\administracion\class\conexion.php on line 16
[29-Sep-2025 13:43:03 Europe/Berlin] PHP Deprecated:  Creation of dynamic property Conexion::$database_locales is deprecated in C:\xampp\htdocs\administracion\class\conexion.php on line 17
[29-Sep-2025 13:43:03 Europe/Berlin] PHP Deprecated:  Creation of dynamic property Conexion::$database_tangobis is deprecated in C:\xampp\htdocs\administracion\class\conexion.php on line 18
[29-Sep-2025 13:43:03 Europe/Berlin] PHP Deprecated:  Creation of dynamic property Conexion::$database_apps is deprecated in C:\xampp\htdocs\administracion\class\conexion.php on line 19
[29-Sep-2025 13:43:03 Europe/Berlin] PHP Deprecated:  Creation of dynamic property Conexion::$user is deprecated in C:\xampp\htdocs\administracion\class\conexion.php on line 20
[29-Sep-2025 13:43:03 Europe/Berlin] PHP Deprecated:  Creation of dynamic property Conexion::$pass is deprecated in C:\xampp\htdocs\administracion\class\conexion.php on line 21
[29-Sep-2025 13:43:03 Europe/Berlin] PHP Deprecated:  Creation of dynamic property Conexion::$pass_locales is deprecated in C:\xampp\htdocs\administracion\class\conexion.php on line 22
[29-Sep-2025 13:43:03 Europe/Berlin] PHP Deprecated:  Creation of dynamic property Conexion::$character is deprecated in C:\xampp\htdocs\administracion\class\conexion.php on line 23
[29-Sep-2025 13:43:03 Europe/Berlin] PHP Deprecated:  Creation of dynamic property Conexion::$env is deprecated in C:\xampp\htdocs\administracion\class\conexion.php on line 24
[29-Sep-2025 13:43:03 Europe/Berlin] PHP Deprecated:  Creation of dynamic property Conexion::$prefix is deprecated in C:\xampp\htdocs\administracion\class\conexion.php on line 25
[29-Sep-2025 13:43:03 Europe/Berlin] PHP Deprecated:  Creation of dynamic property Conexion::$database_uy is deprecated in C:\xampp\htdocs\administracion\class\conexion.php on line 26
[29-Sep-2025 13:43:03 Europe/Berlin] PHP Deprecated:  Creation of dynamic property Conexion::$database_sucUy is deprecated in C:\xampp\htdocs\administracion\class\conexion.php on line 27
[29-Sep-2025 13:43:03 Europe/Berlin] Conexión a base de datos 'apps' establecida correctamente
[29-Sep-2025 13:43:03 Europe/Berlin] Acción solicitada: get_centros_costos
[29-Sep-2025 13:43:26 Europe/Berlin] PHP Deprecated:  Creation of dynamic property Conexion::$envVars is deprecated in C:\xampp\htdocs\administracion\class\conexion.php on line 11
[29-Sep-2025 13:43:26 Europe/Berlin] PHP Deprecated:  Creation of dynamic property Conexion::$host_central is deprecated in C:\xampp\htdocs\administracion\class\conexion.php on line 13
[29-Sep-2025 13:43:26 Europe/Berlin] PHP Deprecated:  Creation of dynamic property Conexion::$database_central is deprecated in C:\xampp\htdocs\administracion\class\conexion.php on line 14
[29-Sep-2025 13:43:26 Europe/Berlin] PHP Deprecated:  Creation of dynamic property Conexion::$host_locales is deprecated in C:\xampp\htdocs\administracion\class\conexion.php on line 15
[29-Sep-2025 13:43:26 Europe/Berlin] PHP Deprecated:  Creation of dynamic property Conexion::$host_apps is deprecated in C:\xampp\htdocs\administracion\class\conexion.php on line 16
[29-Sep-2025 13:43:26 Europe/Berlin] PHP Deprecated:  Creation of dynamic property Conexion::$database_locales is deprecated in C:\xampp\htdocs\administracion\class\conexion.php on line 17
[29-Sep-2025 13:43:26 Europe/Berlin] PHP Deprecated:  Creation of dynamic property Conexion::$database_tangobis is deprecated in C:\xampp\htdocs\administracion\class\conexion.php on line 18
[29-Sep-2025 13:43:26 Europe/Berlin] PHP Deprecated:  Creation of dynamic property Conexion::$database_apps is deprecated in C:\xampp\htdocs\administracion\class\conexion.php on line 19
[29-Sep-2025 13:43:26 Europe/Berlin] PHP Deprecated:  Creation of dynamic property Conexion::$user is deprecated in C:\xampp\htdocs\administracion\class\conexion.php on line 20
[29-Sep-2025 13:43:26 Europe/Berlin] PHP Deprecated:  Creation of dynamic property Conexion::$pass is deprecated in C:\xampp\htdocs\administracion\class\conexion.php on line 21
[29-Sep-2025 13:43:26 Europe/Berlin] PHP Deprecated:  Creation of dynamic property Conexion::$pass_locales is deprecated in C:\xampp\htdocs\administracion\class\conexion.php on line 22
[29-Sep-2025 13:43:26 Europe/Berlin] PHP Deprecated:  Creation of dynamic property Conexion::$character is deprecated in C:\xampp\htdocs\administracion\class\conexion.php on line 23
[29-Sep-2025 13:43:26 Europe/Berlin] PHP Deprecated:  Creation of dynamic property Conexion::$env is deprecated in C:\xampp\htdocs\administracion\class\conexion.php on line 24
[29-Sep-2025 13:43:26 Europe/Berlin] PHP Deprecated:  Creation of dynamic property Conexion::$prefix is deprecated in C:\xampp\htdocs\administracion\class\conexion.php on line 25
[29-Sep-2025 13:43:26 Europe/Berlin] PHP Deprecated:  Creation of dynamic property Conexion::$database_uy is deprecated in C:\xampp\htdocs\administracion\class\conexion.php on line 26
[29-Sep-2025 13:43:26 Europe/Berlin] PHP Deprecated:  Creation of dynamic property Conexion::$database_sucUy is deprecated in C:\xampp\htdocs\administracion\class\conexion.php on line 27
[29-Sep-2025 13:43:26 Europe/Berlin] Conexión a base de datos 'apps' establecida correctamente
[29-Sep-2025 13:43:26 Europe/Berlin] Acción solicitada: get_all_novedades
[29-Sep-2025 13:43:26 Europe/Berlin] PHP Deprecated:  Creation of dynamic property Conexion::$envVars is deprecated in C:\xampp\htdocs\administracion\class\conexion.php on line 11
[29-Sep-2025 13:43:26 Europe/Berlin] PHP Deprecated:  Creation of dynamic property Conexion::$host_central is deprecated in C:\xampp\htdocs\administracion\class\conexion.php on line 13
[29-Sep-2025 13:43:26 Europe/Berlin] PHP Deprecated:  Creation of dynamic property Conexion::$database_central is deprecated in C:\xampp\htdocs\administracion\class\conexion.php on line 14
[29-Sep-2025 13:43:26 Europe/Berlin] PHP Deprecated:  Creation of dynamic property Conexion::$host_locales is deprecated in C:\xampp\htdocs\administracion\class\conexion.php on line 15
[29-Sep-2025 13:43:26 Europe/Berlin] PHP Deprecated:  Creation of dynamic property Conexion::$host_apps is deprecated in C:\xampp\htdocs\administracion\class\conexion.php on line 16
[29-Sep-2025 13:43:26 Europe/Berlin] PHP Deprecated:  Creation of dynamic property Conexion::$database_locales is deprecated in C:\xampp\htdocs\administracion\class\conexion.php on line 17
[29-Sep-2025 13:43:26 Europe/Berlin] PHP Deprecated:  Creation of dynamic property Conexion::$database_tangobis is deprecated in C:\xampp\htdocs\administracion\class\conexion.php on line 18
[29-Sep-2025 13:43:26 Europe/Berlin] PHP Deprecated:  Creation of dynamic property Conexion::$database_apps is deprecated in C:\xampp\htdocs\administracion\class\conexion.php on line 19
[29-Sep-2025 13:43:26 Europe/Berlin] PHP Deprecated:  Creation of dynamic property Conexion::$user is deprecated in C:\xampp\htdocs\administracion\class\conexion.php on line 20
[29-Sep-2025 13:43:26 Europe/Berlin] PHP Deprecated:  Creation of dynamic property Conexion::$pass is deprecated in C:\xampp\htdocs\administracion\class\conexion.php on line 21
[29-Sep-2025 13:43:26 Europe/Berlin] PHP Deprecated:  Creation of dynamic property Conexion::$pass_locales is deprecated in C:\xampp\htdocs\administracion\class\conexion.php on line 22
[29-Sep-2025 13:43:26 Europe/Berlin] PHP Deprecated:  Creation of dynamic property Conexion::$character is deprecated in C:\xampp\htdocs\administracion\class\conexion.php on line 23
[29-Sep-2025 13:43:26 Europe/Berlin] PHP Deprecated:  Creation of dynamic property Conexion::$env is deprecated in C:\xampp\htdocs\administracion\class\conexion.php on line 24
[29-Sep-2025 13:43:26 Europe/Berlin] PHP Deprecated:  Creation of dynamic property Conexion::$prefix is deprecated in C:\xampp\htdocs\administracion\class\conexion.php on line 25
[29-Sep-2025 13:43:26 Europe/Berlin] PHP Deprecated:  Creation of dynamic property Conexion::$database_uy is deprecated in C:\xampp\htdocs\administracion\class\conexion.php on line 26
[29-Sep-2025 13:43:26 Europe/Berlin] PHP Deprecated:  Creation of dynamic property Conexion::$database_sucUy is deprecated in C:\xampp\htdocs\administracion\class\conexion.php on line 27
[29-Sep-2025 13:43:26 Europe/Berlin] Conexión a base de datos 'apps' establecida correctamente
[29-Sep-2025 13:43:26 Europe/Berlin] Acción solicitada: get_novedades
[29-Sep-2025 13:43:26 Europe/Berlin] PHP Deprecated:  Creation of dynamic property Conexion::$envVars is deprecated in C:\xampp\htdocs\administracion\class\conexion.php on line 11
[29-Sep-2025 13:43:26 Europe/Berlin] PHP Deprecated:  Creation of dynamic property Conexion::$host_central is deprecated in C:\xampp\htdocs\administracion\class\conexion.php on line 13
[29-Sep-2025 13:43:26 Europe/Berlin] PHP Deprecated:  Creation of dynamic property Conexion::$database_central is deprecated in C:\xampp\htdocs\administracion\class\conexion.php on line 14
[29-Sep-2025 13:43:26 Europe/Berlin] PHP Deprecated:  Creation of dynamic property Conexion::$host_locales is deprecated in C:\xampp\htdocs\administracion\class\conexion.php on line 15
[29-Sep-2025 13:43:26 Europe/Berlin] PHP Deprecated:  Creation of dynamic property Conexion::$host_apps is deprecated in C:\xampp\htdocs\administracion\class\conexion.php on line 16
[29-Sep-2025 13:43:26 Europe/Berlin] PHP Deprecated:  Creation of dynamic property Conexion::$database_locales is deprecated in C:\xampp\htdocs\administracion\class\conexion.php on line 17
[29-Sep-2025 13:43:26 Europe/Berlin] PHP Deprecated:  Creation of dynamic property Conexion::$database_tangobis is deprecated in C:\xampp\htdocs\administracion\class\conexion.php on line 18
[29-Sep-2025 13:43:26 Europe/Berlin] PHP Deprecated:  Creation of dynamic property Conexion::$database_apps is deprecated in C:\xampp\htdocs\administracion\class\conexion.php on line 19
[29-Sep-2025 13:43:26 Europe/Berlin] PHP Deprecated:  Creation of dynamic property Conexion::$user is deprecated in C:\xampp\htdocs\administracion\class\conexion.php on line 20
[29-Sep-2025 13:43:26 Europe/Berlin] PHP Deprecated:  Creation of dynamic property Conexion::$pass is deprecated in C:\xampp\htdocs\administracion\class\conexion.php on line 21
[29-Sep-2025 13:43:26 Europe/Berlin] PHP Deprecated:  Creation of dynamic property Conexion::$pass_locales is deprecated in C:\xampp\htdocs\administracion\class\conexion.php on line 22
[29-Sep-2025 13:43:26 Europe/Berlin] PHP Deprecated:  Creation of dynamic property Conexion::$character is deprecated in C:\xampp\htdocs\administracion\class\conexion.php on line 23
[29-Sep-2025 13:43:26 Europe/Berlin] PHP Deprecated:  Creation of dynamic property Conexion::$env is deprecated in C:\xampp\htdocs\administracion\class\conexion.php on line 24
[29-Sep-2025 13:43:26 Europe/Berlin] PHP Deprecated:  Creation of dynamic property Conexion::$prefix is deprecated in C:\xampp\htdocs\administracion\class\conexion.php on line 25
[29-Sep-2025 13:43:26 Europe/Berlin] PHP Deprecated:  Creation of dynamic property Conexion::$database_uy is deprecated in C:\xampp\htdocs\administracion\class\conexion.php on line 26
[29-Sep-2025 13:43:26 Europe/Berlin] PHP Deprecated:  Creation of dynamic property Conexion::$database_sucUy is deprecated in C:\xampp\htdocs\administracion\class\conexion.php on line 27
[29-Sep-2025 13:43:26 Europe/Berlin] Conexión a base de datos 'apps' establecida correctamente
[29-Sep-2025 13:43:26 Europe/Berlin] Acción solicitada: get_centros_costos
[29-Sep-2025 13:43:56 Europe/Berlin] PHP Deprecated:  Creation of dynamic property Conexion::$envVars is deprecated in C:\xampp\htdocs\administracion\class\conexion.php on line 11
[29-Sep-2025 13:43:56 Europe/Berlin] PHP Deprecated:  Creation of dynamic property Conexion::$host_central is deprecated in C:\xampp\htdocs\administracion\class\conexion.php on line 13
[29-Sep-2025 13:43:56 Europe/Berlin] PHP Deprecated:  Creation of dynamic property Conexion::$database_central is deprecated in C:\xampp\htdocs\administracion\class\conexion.php on line 14
[29-Sep-2025 13:43:56 Europe/Berlin] PHP Deprecated:  Creation of dynamic property Conexion::$host_locales is deprecated in C:\xampp\htdocs\administracion\class\conexion.php on line 15
[29-Sep-2025 13:43:56 Europe/Berlin] PHP Deprecated:  Creation of dynamic property Conexion::$host_apps is deprecated in C:\xampp\htdocs\administracion\class\conexion.php on line 16
[29-Sep-2025 13:43:56 Europe/Berlin] PHP Deprecated:  Creation of dynamic property Conexion::$database_locales is deprecated in C:\xampp\htdocs\administracion\class\conexion.php on line 17
[29-Sep-2025 13:43:56 Europe/Berlin] PHP Deprecated:  Creation of dynamic property Conexion::$database_tangobis is deprecated in C:\xampp\htdocs\administracion\class\conexion.php on line 18
[29-Sep-2025 13:43:56 Europe/Berlin] PHP Deprecated:  Creation of dynamic property Conexion::$database_apps is deprecated in C:\xampp\htdocs\administracion\class\conexion.php on line 19
[29-Sep-2025 13:43:56 Europe/Berlin] PHP Deprecated:  Creation of dynamic property Conexion::$user is deprecated in C:\xampp\htdocs\administracion\class\conexion.php on line 20
[29-Sep-2025 13:43:56 Europe/Berlin] PHP Deprecated:  Creation of dynamic property Conexion::$pass is deprecated in C:\xampp\htdocs\administracion\class\conexion.php on line 21
[29-Sep-2025 13:43:56 Europe/Berlin] PHP Deprecated:  Creation of dynamic property Conexion::$pass_locales is deprecated in C:\xampp\htdocs\administracion\class\conexion.php on line 22
[29-Sep-2025 13:43:56 Europe/Berlin] PHP Deprecated:  Creation of dynamic property Conexion::$character is deprecated in C:\xampp\htdocs\administracion\class\conexion.php on line 23
[29-Sep-2025 13:43:56 Europe/Berlin] PHP Deprecated:  Creation of dynamic property Conexion::$env is deprecated in C:\xampp\htdocs\administracion\class\conexion.php on line 24
[29-Sep-2025 13:43:56 Europe/Berlin] PHP Deprecated:  Creation of dynamic property Conexion::$prefix is deprecated in C:\xampp\htdocs\administracion\class\conexion.php on line 25
[29-Sep-2025 13:43:56 Europe/Berlin] PHP Deprecated:  Creation of dynamic property Conexion::$database_uy is deprecated in C:\xampp\htdocs\administracion\class\conexion.php on line 26
[29-Sep-2025 13:43:56 Europe/Berlin] PHP Deprecated:  Creation of dynamic property Conexion::$database_sucUy is deprecated in C:\xampp\htdocs\administracion\class\conexion.php on line 27
[29-Sep-2025 13:43:56 Europe/Berlin] Conexión a base de datos 'apps' establecida correctamente
[29-Sep-2025 13:43:56 Europe/Berlin] Acción solicitada: get_all_novedades
[29-Sep-2025 13:43:56 Europe/Berlin] PHP Deprecated:  Creation of dynamic property Conexion::$envVars is deprecated in C:\xampp\htdocs\administracion\class\conexion.php on line 11
[29-Sep-2025 13:43:56 Europe/Berlin] PHP Deprecated:  Creation of dynamic property Conexion::$host_central is deprecated in C:\xampp\htdocs\administracion\class\conexion.php on line 13
[29-Sep-2025 13:43:56 Europe/Berlin] PHP Deprecated:  Creation of dynamic property Conexion::$database_central is deprecated in C:\xampp\htdocs\administracion\class\conexion.php on line 14
[29-Sep-2025 13:43:56 Europe/Berlin] PHP Deprecated:  Creation of dynamic property Conexion::$host_locales is deprecated in C:\xampp\htdocs\administracion\class\conexion.php on line 15
[29-Sep-2025 13:43:56 Europe/Berlin] PHP Deprecated:  Creation of dynamic property Conexion::$host_apps is deprecated in C:\xampp\htdocs\administracion\class\conexion.php on line 16
[29-Sep-2025 13:43:56 Europe/Berlin] PHP Deprecated:  Creation of dynamic property Conexion::$database_locales is deprecated in C:\xampp\htdocs\administracion\class\conexion.php on line 17
[29-Sep-2025 13:43:56 Europe/Berlin] PHP Deprecated:  Creation of dynamic property Conexion::$database_tangobis is deprecated in C:\xampp\htdocs\administracion\class\conexion.php on line 18
[29-Sep-2025 13:43:56 Europe/Berlin] PHP Deprecated:  Creation of dynamic property Conexion::$database_apps is deprecated in C:\xampp\htdocs\administracion\class\conexion.php on line 19
[29-Sep-2025 13:43:56 Europe/Berlin] PHP Deprecated:  Creation of dynamic property Conexion::$user is deprecated in C:\xampp\htdocs\administracion\class\conexion.php on line 20
[29-Sep-2025 13:43:56 Europe/Berlin] PHP Deprecated:  Creation of dynamic property Conexion::$pass is deprecated in C:\xampp\htdocs\administracion\class\conexion.php on line 21
[29-Sep-2025 13:43:56 Europe/Berlin] PHP Deprecated:  Creation of dynamic property Conexion::$pass_locales is deprecated in C:\xampp\htdocs\administracion\class\conexion.php on line 22
[29-Sep-2025 13:43:56 Europe/Berlin] PHP Deprecated:  Creation of dynamic property Conexion::$character is deprecated in C:\xampp\htdocs\administracion\class\conexion.php on line 23
[29-Sep-2025 13:43:56 Europe/Berlin] PHP Deprecated:  Creation of dynamic property Conexion::$env is deprecated in C:\xampp\htdocs\administracion\class\conexion.php on line 24
[29-Sep-2025 13:43:56 Europe/Berlin] PHP Deprecated:  Creation of dynamic property Conexion::$prefix is deprecated in C:\xampp\htdocs\administracion\class\conexion.php on line 25
[29-Sep-2025 13:43:56 Europe/Berlin] PHP Deprecated:  Creation of dynamic property Conexion::$database_uy is deprecated in C:\xampp\htdocs\administracion\class\conexion.php on line 26
[29-Sep-2025 13:43:56 Europe/Berlin] PHP Deprecated:  Creation of dynamic property Conexion::$database_sucUy is deprecated in C:\xampp\htdocs\administracion\class\conexion.php on line 27
[29-Sep-2025 13:43:56 Europe/Berlin] Conexión a base de datos 'apps' establecida correctamente
[29-Sep-2025 13:43:56 Europe/Berlin] Acción solicitada: get_novedades
[29-Sep-2025 13:43:56 Europe/Berlin] PHP Deprecated:  Creation of dynamic property Conexion::$envVars is deprecated in C:\xampp\htdocs\administracion\class\conexion.php on line 11
[29-Sep-2025 13:43:56 Europe/Berlin] PHP Deprecated:  Creation of dynamic property Conexion::$host_central is deprecated in C:\xampp\htdocs\administracion\class\conexion.php on line 13
[29-Sep-2025 13:43:56 Europe/Berlin] PHP Deprecated:  Creation of dynamic property Conexion::$database_central is deprecated in C:\xampp\htdocs\administracion\class\conexion.php on line 14
[29-Sep-2025 13:43:56 Europe/Berlin] PHP Deprecated:  Creation of dynamic property Conexion::$host_locales is deprecated in C:\xampp\htdocs\administracion\class\conexion.php on line 15
[29-Sep-2025 13:43:56 Europe/Berlin] PHP Deprecated:  Creation of dynamic property Conexion::$host_apps is deprecated in C:\xampp\htdocs\administracion\class\conexion.php on line 16
[29-Sep-2025 13:43:56 Europe/Berlin] PHP Deprecated:  Creation of dynamic property Conexion::$database_locales is deprecated in C:\xampp\htdocs\administracion\class\conexion.php on line 17
[29-Sep-2025 13:43:56 Europe/Berlin] PHP Deprecated:  Creation of dynamic property Conexion::$database_tangobis is deprecated in C:\xampp\htdocs\administracion\class\conexion.php on line 18
[29-Sep-2025 13:43:56 Europe/Berlin] PHP Deprecated:  Creation of dynamic property Conexion::$database_apps is deprecated in C:\xampp\htdocs\administracion\class\conexion.php on line 19
[29-Sep-2025 13:43:56 Europe/Berlin] PHP Deprecated:  Creation of dynamic property Conexion::$user is deprecated in C:\xampp\htdocs\administracion\class\conexion.php on line 20
[29-Sep-2025 13:43:56 Europe/Berlin] PHP Deprecated:  Creation of dynamic property Conexion::$pass is deprecated in C:\xampp\htdocs\administracion\class\conexion.php on line 21
[29-Sep-2025 13:43:56 Europe/Berlin] PHP Deprecated:  Creation of dynamic property Conexion::$pass_locales is deprecated in C:\xampp\htdocs\administracion\class\conexion.php on line 22
[29-Sep-2025 13:43:56 Europe/Berlin] PHP Deprecated:  Creation of dynamic property Conexion::$character is deprecated in C:\xampp\htdocs\administracion\class\conexion.php on line 23
[29-Sep-2025 13:43:56 Europe/Berlin] PHP Deprecated:  Creation of dynamic property Conexion::$env is deprecated in C:\xampp\htdocs\administracion\class\conexion.php on line 24
[29-Sep-2025 13:43:56 Europe/Berlin] PHP Deprecated:  Creation of dynamic property Conexion::$prefix is deprecated in C:\xampp\htdocs\administracion\class\conexion.php on line 25
[29-Sep-2025 13:43:56 Europe/Berlin] PHP Deprecated:  Creation of dynamic property Conexion::$database_uy is deprecated in C:\xampp\htdocs\administracion\class\conexion.php on line 26
[29-Sep-2025 13:43:56 Europe/Berlin] PHP Deprecated:  Creation of dynamic property Conexion::$database_sucUy is deprecated in C:\xampp\htdocs\administracion\class\conexion.php on line 27
[29-Sep-2025 13:43:56 Europe/Berlin] Conexión a base de datos 'apps' establecida correctamente
[29-Sep-2025 13:43:56 Europe/Berlin] Acción solicitada: get_centros_costos
[29-Sep-2025 13:44:26 Europe/Berlin] PHP Deprecated:  Creation of dynamic property Conexion::$envVars is deprecated in C:\xampp\htdocs\administracion\class\conexion.php on line 11
[29-Sep-2025 13:44:26 Europe/Berlin] PHP Deprecated:  Creation of dynamic property Conexion::$host_central is deprecated in C:\xampp\htdocs\administracion\class\conexion.php on line 13
[29-Sep-2025 13:44:26 Europe/Berlin] PHP Deprecated:  Creation of dynamic property Conexion::$database_central is deprecated in C:\xampp\htdocs\administracion\class\conexion.php on line 14
[29-Sep-2025 13:44:26 Europe/Berlin] PHP Deprecated:  Creation of dynamic property Conexion::$host_locales is deprecated in C:\xampp\htdocs\administracion\class\conexion.php on line 15
[29-Sep-2025 13:44:26 Europe/Berlin] PHP Deprecated:  Creation of dynamic property Conexion::$host_apps is deprecated in C:\xampp\htdocs\administracion\class\conexion.php on line 16
[29-Sep-2025 13:44:26 Europe/Berlin] PHP Deprecated:  Creation of dynamic property Conexion::$database_locales is deprecated in C:\xampp\htdocs\administracion\class\conexion.php on line 17
[29-Sep-2025 13:44:26 Europe/Berlin] PHP Deprecated:  Creation of dynamic property Conexion::$database_tangobis is deprecated in C:\xampp\htdocs\administracion\class\conexion.php on line 18
[29-Sep-2025 13:44:26 Europe/Berlin] PHP Deprecated:  Creation of dynamic property Conexion::$database_apps is deprecated in C:\xampp\htdocs\administracion\class\conexion.php on line 19
[29-Sep-2025 13:44:26 Europe/Berlin] PHP Deprecated:  Creation of dynamic property Conexion::$user is deprecated in C:\xampp\htdocs\administracion\class\conexion.php on line 20
[29-Sep-2025 13:44:26 Europe/Berlin] PHP Deprecated:  Creation of dynamic property Conexion::$pass is deprecated in C:\xampp\htdocs\administracion\class\conexion.php on line 21
[29-Sep-2025 13:44:26 Europe/Berlin] PHP Deprecated:  Creation of dynamic property Conexion::$pass_locales is deprecated in C:\xampp\htdocs\administracion\class\conexion.php on line 22
[29-Sep-2025 13:44:26 Europe/Berlin] PHP Deprecated:  Creation of dynamic property Conexion::$character is deprecated in C:\xampp\htdocs\administracion\class\conexion.php on line 23
[29-Sep-2025 13:44:26 Europe/Berlin] PHP Deprecated:  Creation of dynamic property Conexion::$env is deprecated in C:\xampp\htdocs\administracion\class\conexion.php on line 24
[29-Sep-2025 13:44:26 Europe/Berlin] PHP Deprecated:  Creation of dynamic property Conexion::$prefix is deprecated in C:\xampp\htdocs\administracion\class\conexion.php on line 25
[29-Sep-2025 13:44:26 Europe/Berlin] PHP Deprecated:  Creation of dynamic property Conexion::$database_uy is deprecated in C:\xampp\htdocs\administracion\class\conexion.php on line 26
[29-Sep-2025 13:44:26 Europe/Berlin] PHP Deprecated:  Creation of dynamic property Conexion::$database_sucUy is deprecated in C:\xampp\htdocs\administracion\class\conexion.php on line 27
[29-Sep-2025 13:44:26 Europe/Berlin] Conexión a base de datos 'apps' establecida correctamente
[29-Sep-2025 13:44:26 Europe/Berlin] Acción solicitada: get_all_novedades
[29-Sep-2025 13:44:26 Europe/Berlin] PHP Deprecated:  Creation of dynamic property Conexion::$envVars is deprecated in C:\xampp\htdocs\administracion\class\conexion.php on line 11
[29-Sep-2025 13:44:26 Europe/Berlin] PHP Deprecated:  Creation of dynamic property Conexion::$host_central is deprecated in C:\xampp\htdocs\administracion\class\conexion.php on line 13
[29-Sep-2025 13:44:26 Europe/Berlin] PHP Deprecated:  Creation of dynamic property Conexion::$database_central is deprecated in C:\xampp\htdocs\administracion\class\conexion.php on line 14
[29-Sep-2025 13:44:26 Europe/Berlin] PHP Deprecated:  Creation of dynamic property Conexion::$host_locales is deprecated in C:\xampp\htdocs\administracion\class\conexion.php on line 15
[29-Sep-2025 13:44:26 Europe/Berlin] PHP Deprecated:  Creation of dynamic property Conexion::$host_apps is deprecated in C:\xampp\htdocs\administracion\class\conexion.php on line 16
[29-Sep-2025 13:44:26 Europe/Berlin] PHP Deprecated:  Creation of dynamic property Conexion::$database_locales is deprecated in C:\xampp\htdocs\administracion\class\conexion.php on line 17
[29-Sep-2025 13:44:26 Europe/Berlin] PHP Deprecated:  Creation of dynamic property Conexion::$database_tangobis is deprecated in C:\xampp\htdocs\administracion\class\conexion.php on line 18
[29-Sep-2025 13:44:26 Europe/Berlin] PHP Deprecated:  Creation of dynamic property Conexion::$database_apps is deprecated in C:\xampp\htdocs\administracion\class\conexion.php on line 19
[29-Sep-2025 13:44:26 Europe/Berlin] PHP Deprecated:  Creation of dynamic property Conexion::$user is deprecated in C:\xampp\htdocs\administracion\class\conexion.php on line 20
[29-Sep-2025 13:44:26 Europe/Berlin] PHP Deprecated:  Creation of dynamic property Conexion::$pass is deprecated in C:\xampp\htdocs\administracion\class\conexion.php on line 21
[29-Sep-2025 13:44:26 Europe/Berlin] PHP Deprecated:  Creation of dynamic property Conexion::$pass_locales is deprecated in C:\xampp\htdocs\administracion\class\conexion.php on line 22
[29-Sep-2025 13:44:26 Europe/Berlin] PHP Deprecated:  Creation of dynamic property Conexion::$character is deprecated in C:\xampp\htdocs\administracion\class\conexion.php on line 23
[29-Sep-2025 13:44:26 Europe/Berlin] PHP Deprecated:  Creation of dynamic property Conexion::$env is deprecated in C:\xampp\htdocs\administracion\class\conexion.php on line 24
[29-Sep-2025 13:44:26 Europe/Berlin] PHP Deprecated:  Creation of dynamic property Conexion::$prefix is deprecated in C:\xampp\htdocs\administracion\class\conexion.php on line 25
[29-Sep-2025 13:44:26 Europe/Berlin] PHP Deprecated:  Creation of dynamic property Conexion::$database_uy is deprecated in C:\xampp\htdocs\administracion\class\conexion.php on line 26
[29-Sep-2025 13:44:26 Europe/Berlin] PHP Deprecated:  Creation of dynamic property Conexion::$database_sucUy is deprecated in C:\xampp\htdocs\administracion\class\conexion.php on line 27
[29-Sep-2025 13:44:26 Europe/Berlin] Conexión a base de datos 'apps' establecida correctamente
[29-Sep-2025 13:44:26 Europe/Berlin] Acción solicitada: get_novedades
[29-Sep-2025 13:44:26 Europe/Berlin] PHP Deprecated:  Creation of dynamic property Conexion::$envVars is deprecated in C:\xampp\htdocs\administracion\class\conexion.php on line 11
[29-Sep-2025 13:44:26 Europe/Berlin] PHP Deprecated:  Creation of dynamic property Conexion::$host_central is deprecated in C:\xampp\htdocs\administracion\class\conexion.php on line 13
[29-Sep-2025 13:44:26 Europe/Berlin] PHP Deprecated:  Creation of dynamic property Conexion::$database_central is deprecated in C:\xampp\htdocs\administracion\class\conexion.php on line 14
[29-Sep-2025 13:44:26 Europe/Berlin] PHP Deprecated:  Creation of dynamic property Conexion::$host_locales is deprecated in C:\xampp\htdocs\administracion\class\conexion.php on line 15
[29-Sep-2025 13:44:26 Europe/Berlin] PHP Deprecated:  Creation of dynamic property Conexion::$host_apps is deprecated in C:\xampp\htdocs\administracion\class\conexion.php on line 16
[29-Sep-2025 13:44:26 Europe/Berlin] PHP Deprecated:  Creation of dynamic property Conexion::$database_locales is deprecated in C:\xampp\htdocs\administracion\class\conexion.php on line 17
[29-Sep-2025 13:44:26 Europe/Berlin] PHP Deprecated:  Creation of dynamic property Conexion::$database_tangobis is deprecated in C:\xampp\htdocs\administracion\class\conexion.php on line 18
[29-Sep-2025 13:44:26 Europe/Berlin] PHP Deprecated:  Creation of dynamic property Conexion::$database_apps is deprecated in C:\xampp\htdocs\administracion\class\conexion.php on line 19
[29-Sep-2025 13:44:26 Europe/Berlin] PHP Deprecated:  Creation of dynamic property Conexion::$user is deprecated in C:\xampp\htdocs\administracion\class\conexion.php on line 20
[29-Sep-2025 13:44:26 Europe/Berlin] PHP Deprecated:  Creation of dynamic property Conexion::$pass is deprecated in C:\xampp\htdocs\administracion\class\conexion.php on line 21
[29-Sep-2025 13:44:26 Europe/Berlin] PHP Deprecated:  Creation of dynamic property Conexion::$pass_locales is deprecated in C:\xampp\htdocs\administracion\class\conexion.php on line 22
[29-Sep-2025 13:44:26 Europe/Berlin] PHP Deprecated:  Creation of dynamic property Conexion::$character is deprecated in C:\xampp\htdocs\administracion\class\conexion.php on line 23
[29-Sep-2025 13:44:26 Europe/Berlin] PHP Deprecated:  Creation of dynamic property Conexion::$env is deprecated in C:\xampp\htdocs\administracion\class\conexion.php on line 24
[29-Sep-2025 13:44:26 Europe/Berlin] PHP Deprecated:  Creation of dynamic property Conexion::$prefix is deprecated in C:\xampp\htdocs\administracion\class\conexion.php on line 25
[29-Sep-2025 13:44:26 Europe/Berlin] PHP Deprecated:  Creation of dynamic property Conexion::$database_uy is deprecated in C:\xampp\htdocs\administracion\class\conexion.php on line 26
[29-Sep-2025 13:44:26 Europe/Berlin] PHP Deprecated:  Creation of dynamic property Conexion::$database_sucUy is deprecated in C:\xampp\htdocs\administracion\class\conexion.php on line 27
[29-Sep-2025 13:44:26 Europe/Berlin] Conexión a base de datos 'apps' establecida correctamente
[29-Sep-2025 13:44:26 Europe/Berlin] Acción solicitada: get_centros_costos
[29-Sep-2025 13:44:56 Europe/Berlin] PHP Deprecated:  Creation of dynamic property Conexion::$envVars is deprecated in C:\xampp\htdocs\administracion\class\conexion.php on line 11
[29-Sep-2025 13:44:56 Europe/Berlin] PHP Deprecated:  Creation of dynamic property Conexion::$host_central is deprecated in C:\xampp\htdocs\administracion\class\conexion.php on line 13
[29-Sep-2025 13:44:56 Europe/Berlin] PHP Deprecated:  Creation of dynamic property Conexion::$database_central is deprecated in C:\xampp\htdocs\administracion\class\conexion.php on line 14
[29-Sep-2025 13:44:56 Europe/Berlin] PHP Deprecated:  Creation of dynamic property Conexion::$host_locales is deprecated in C:\xampp\htdocs\administracion\class\conexion.php on line 15
[29-Sep-2025 13:44:56 Europe/Berlin] PHP Deprecated:  Creation of dynamic property Conexion::$host_apps is deprecated in C:\xampp\htdocs\administracion\class\conexion.php on line 16
[29-Sep-2025 13:44:56 Europe/Berlin] PHP Deprecated:  Creation of dynamic property Conexion::$database_locales is deprecated in C:\xampp\htdocs\administracion\class\conexion.php on line 17
[29-Sep-2025 13:44:56 Europe/Berlin] PHP Deprecated:  Creation of dynamic property Conexion::$database_tangobis is deprecated in C:\xampp\htdocs\administracion\class\conexion.php on line 18
[29-Sep-2025 13:44:56 Europe/Berlin] PHP Deprecated:  Creation of dynamic property Conexion::$database_apps is deprecated in C:\xampp\htdocs\administracion\class\conexion.php on line 19
[29-Sep-2025 13:44:56 Europe/Berlin] PHP Deprecated:  Creation of dynamic property Conexion::$user is deprecated in C:\xampp\htdocs\administracion\class\conexion.php on line 20
[29-Sep-2025 13:44:56 Europe/Berlin] PHP Deprecated:  Creation of dynamic property Conexion::$pass is deprecated in C:\xampp\htdocs\administracion\class\conexion.php on line 21
[29-Sep-2025 13:44:56 Europe/Berlin] PHP Deprecated:  Creation of dynamic property Conexion::$pass_locales is deprecated in C:\xampp\htdocs\administracion\class\conexion.php on line 22
[29-Sep-2025 13:44:56 Europe/Berlin] PHP Deprecated:  Creation of dynamic property Conexion::$character is deprecated in C:\xampp\htdocs\administracion\class\conexion.php on line 23
[29-Sep-2025 13:44:56 Europe/Berlin] PHP Deprecated:  Creation of dynamic property Conexion::$env is deprecated in C:\xampp\htdocs\administracion\class\conexion.php on line 24
[29-Sep-2025 13:44:56 Europe/Berlin] PHP Deprecated:  Creation of dynamic property Conexion::$prefix is deprecated in C:\xampp\htdocs\administracion\class\conexion.php on line 25
[29-Sep-2025 13:44:56 Europe/Berlin] PHP Deprecated:  Creation of dynamic property Conexion::$database_uy is deprecated in C:\xampp\htdocs\administracion\class\conexion.php on line 26
[29-Sep-2025 13:44:56 Europe/Berlin] PHP Deprecated:  Creation of dynamic property Conexion::$database_sucUy is deprecated in C:\xampp\htdocs\administracion\class\conexion.php on line 27
[29-Sep-2025 13:44:56 Europe/Berlin] Conexión a base de datos 'apps' establecida correctamente
[29-Sep-2025 13:44:56 Europe/Berlin] Acción solicitada: get_all_novedades
[29-Sep-2025 13:44:56 Europe/Berlin] PHP Deprecated:  Creation of dynamic property Conexion::$envVars is deprecated in C:\xampp\htdocs\administracion\class\conexion.php on line 11
[29-Sep-2025 13:44:56 Europe/Berlin] PHP Deprecated:  Creation of dynamic property Conexion::$host_central is deprecated in C:\xampp\htdocs\administracion\class\conexion.php on line 13
[29-Sep-2025 13:44:56 Europe/Berlin] PHP Deprecated:  Creation of dynamic property Conexion::$database_central is deprecated in C:\xampp\htdocs\administracion\class\conexion.php on line 14
[29-Sep-2025 13:44:56 Europe/Berlin] PHP Deprecated:  Creation of dynamic property Conexion::$host_locales is deprecated in C:\xampp\htdocs\administracion\class\conexion.php on line 15
[29-Sep-2025 13:44:56 Europe/Berlin] PHP Deprecated:  Creation of dynamic property Conexion::$host_apps is deprecated in C:\xampp\htdocs\administracion\class\conexion.php on line 16
[29-Sep-2025 13:44:56 Europe/Berlin] PHP Deprecated:  Creation of dynamic property Conexion::$database_locales is deprecated in C:\xampp\htdocs\administracion\class\conexion.php on line 17
[29-Sep-2025 13:44:56 Europe/Berlin] PHP Deprecated:  Creation of dynamic property Conexion::$database_tangobis is deprecated in C:\xampp\htdocs\administracion\class\conexion.php on line 18
[29-Sep-2025 13:44:56 Europe/Berlin] PHP Deprecated:  Creation of dynamic property Conexion::$database_apps is deprecated in C:\xampp\htdocs\administracion\class\conexion.php on line 19
[29-Sep-2025 13:44:56 Europe/Berlin] PHP Deprecated:  Creation of dynamic property Conexion::$user is deprecated in C:\xampp\htdocs\administracion\class\conexion.php on line 20
[29-Sep-2025 13:44:56 Europe/Berlin] PHP Deprecated:  Creation of dynamic property Conexion::$pass is deprecated in C:\xampp\htdocs\administracion\class\conexion.php on line 21
[29-Sep-2025 13:44:56 Europe/Berlin] PHP Deprecated:  Creation of dynamic property Conexion::$pass_locales is deprecated in C:\xampp\htdocs\administracion\class\conexion.php on line 22
[29-Sep-2025 13:44:56 Europe/Berlin] PHP Deprecated:  Creation of dynamic property Conexion::$character is deprecated in C:\xampp\htdocs\administracion\class\conexion.php on line 23
[29-Sep-2025 13:44:56 Europe/Berlin] PHP Deprecated:  Creation of dynamic property Conexion::$env is deprecated in C:\xampp\htdocs\administracion\class\conexion.php on line 24
[29-Sep-2025 13:44:56 Europe/Berlin] PHP Deprecated:  Creation of dynamic property Conexion::$prefix is deprecated in C:\xampp\htdocs\administracion\class\conexion.php on line 25
[29-Sep-2025 13:44:56 Europe/Berlin] PHP Deprecated:  Creation of dynamic property Conexion::$database_uy is deprecated in C:\xampp\htdocs\administracion\class\conexion.php on line 26
[29-Sep-2025 13:44:56 Europe/Berlin] PHP Deprecated:  Creation of dynamic property Conexion::$database_sucUy is deprecated in C:\xampp\htdocs\administracion\class\conexion.php on line 27
[29-Sep-2025 13:44:56 Europe/Berlin] Conexión a base de datos 'apps' establecida correctamente
[29-Sep-2025 13:44:56 Europe/Berlin] Acción solicitada: get_novedades
[29-Sep-2025 13:44:56 Europe/Berlin] PHP Deprecated:  Creation of dynamic property Conexion::$envVars is deprecated in C:\xampp\htdocs\administracion\class\conexion.php on line 11
[29-Sep-2025 13:44:56 Europe/Berlin] PHP Deprecated:  Creation of dynamic property Conexion::$host_central is deprecated in C:\xampp\htdocs\administracion\class\conexion.php on line 13
[29-Sep-2025 13:44:56 Europe/Berlin] PHP Deprecated:  Creation of dynamic property Conexion::$database_central is deprecated in C:\xampp\htdocs\administracion\class\conexion.php on line 14
[29-Sep-2025 13:44:56 Europe/Berlin] PHP Deprecated:  Creation of dynamic property Conexion::$host_locales is deprecated in C:\xampp\htdocs\administracion\class\conexion.php on line 15
[29-Sep-2025 13:44:56 Europe/Berlin] PHP Deprecated:  Creation of dynamic property Conexion::$host_apps is deprecated in C:\xampp\htdocs\administracion\class\conexion.php on line 16
[29-Sep-2025 13:44:56 Europe/Berlin] PHP Deprecated:  Creation of dynamic property Conexion::$database_locales is deprecated in C:\xampp\htdocs\administracion\class\conexion.php on line 17
[29-Sep-2025 13:44:56 Europe/Berlin] PHP Deprecated:  Creation of dynamic property Conexion::$database_tangobis is deprecated in C:\xampp\htdocs\administracion\class\conexion.php on line 18
[29-Sep-2025 13:44:56 Europe/Berlin] PHP Deprecated:  Creation of dynamic property Conexion::$database_apps is deprecated in C:\xampp\htdocs\administracion\class\conexion.php on line 19
[29-Sep-2025 13:44:56 Europe/Berlin] PHP Deprecated:  Creation of dynamic property Conexion::$user is deprecated in C:\xampp\htdocs\administracion\class\conexion.php on line 20
[29-Sep-2025 13:44:56 Europe/Berlin] PHP Deprecated:  Creation of dynamic property Conexion::$pass is deprecated in C:\xampp\htdocs\administracion\class\conexion.php on line 21
[29-Sep-2025 13:44:56 Europe/Berlin] PHP Deprecated:  Creation of dynamic property Conexion::$pass_locales is deprecated in C:\xampp\htdocs\administracion\class\conexion.php on line 22
[29-Sep-2025 13:44:56 Europe/Berlin] PHP Deprecated:  Creation of dynamic property Conexion::$character is deprecated in C:\xampp\htdocs\administracion\class\conexion.php on line 23
[29-Sep-2025 13:44:56 Europe/Berlin] PHP Deprecated:  Creation of dynamic property Conexion::$env is deprecated in C:\xampp\htdocs\administracion\class\conexion.php on line 24
[29-Sep-2025 13:44:56 Europe/Berlin] PHP Deprecated:  Creation of dynamic property Conexion::$prefix is deprecated in C:\xampp\htdocs\administracion\class\conexion.php on line 25
[29-Sep-2025 13:44:56 Europe/Berlin] PHP Deprecated:  Creation of dynamic property Conexion::$database_uy is deprecated in C:\xampp\htdocs\administracion\class\conexion.php on line 26
[29-Sep-2025 13:44:56 Europe/Berlin] PHP Deprecated:  Creation of dynamic property Conexion::$database_sucUy is deprecated in C:\xampp\htdocs\administracion\class\conexion.php on line 27
[29-Sep-2025 13:44:56 Europe/Berlin] Conexión a base de datos 'apps' establecida correctamente
[29-Sep-2025 13:44:56 Europe/Berlin] Acción solicitada: get_centros_costos
[29-Sep-2025 13:45:29 Europe/Berlin] PHP Deprecated:  Creation of dynamic property Conexion::$envVars is deprecated in C:\xampp\htdocs\administracion\class\conexion.php on line 11
[29-Sep-2025 13:45:29 Europe/Berlin] PHP Deprecated:  Creation of dynamic property Conexion::$host_central is deprecated in C:\xampp\htdocs\administracion\class\conexion.php on line 13
[29-Sep-2025 13:45:29 Europe/Berlin] PHP Deprecated:  Creation of dynamic property Conexion::$database_central is deprecated in C:\xampp\htdocs\administracion\class\conexion.php on line 14
[29-Sep-2025 13:45:29 Europe/Berlin] PHP Deprecated:  Creation of dynamic property Conexion::$host_locales is deprecated in C:\xampp\htdocs\administracion\class\conexion.php on line 15
[29-Sep-2025 13:45:29 Europe/Berlin] PHP Deprecated:  Creation of dynamic property Conexion::$host_apps is deprecated in C:\xampp\htdocs\administracion\class\conexion.php on line 16
[29-Sep-2025 13:45:29 Europe/Berlin] PHP Deprecated:  Creation of dynamic property Conexion::$database_locales is deprecated in C:\xampp\htdocs\administracion\class\conexion.php on line 17
[29-Sep-2025 13:45:29 Europe/Berlin] PHP Deprecated:  Creation of dynamic property Conexion::$database_tangobis is deprecated in C:\xampp\htdocs\administracion\class\conexion.php on line 18
[29-Sep-2025 13:45:29 Europe/Berlin] PHP Deprecated:  Creation of dynamic property Conexion::$database_apps is deprecated in C:\xampp\htdocs\administracion\class\conexion.php on line 19
[29-Sep-2025 13:45:29 Europe/Berlin] PHP Deprecated:  Creation of dynamic property Conexion::$user is deprecated in C:\xampp\htdocs\administracion\class\conexion.php on line 20
[29-Sep-2025 13:45:29 Europe/Berlin] PHP Deprecated:  Creation of dynamic property Conexion::$pass is deprecated in C:\xampp\htdocs\administracion\class\conexion.php on line 21
[29-Sep-2025 13:45:29 Europe/Berlin] PHP Deprecated:  Creation of dynamic property Conexion::$pass_locales is deprecated in C:\xampp\htdocs\administracion\class\conexion.php on line 22
[29-Sep-2025 13:45:29 Europe/Berlin] PHP Deprecated:  Creation of dynamic property Conexion::$character is deprecated in C:\xampp\htdocs\administracion\class\conexion.php on line 23
[29-Sep-2025 13:45:29 Europe/Berlin] PHP Deprecated:  Creation of dynamic property Conexion::$env is deprecated in C:\xampp\htdocs\administracion\class\conexion.php on line 24
[29-Sep-2025 13:45:29 Europe/Berlin] PHP Deprecated:  Creation of dynamic property Conexion::$prefix is deprecated in C:\xampp\htdocs\administracion\class\conexion.php on line 25
[29-Sep-2025 13:45:29 Europe/Berlin] PHP Deprecated:  Creation of dynamic property Conexion::$database_uy is deprecated in C:\xampp\htdocs\administracion\class\conexion.php on line 26
[29-Sep-2025 13:45:29 Europe/Berlin] PHP Deprecated:  Creation of dynamic property Conexion::$database_sucUy is deprecated in C:\xampp\htdocs\administracion\class\conexion.php on line 27
[29-Sep-2025 13:45:29 Europe/Berlin] Conexión a base de datos 'apps' establecida correctamente
[29-Sep-2025 13:45:29 Europe/Berlin] Acción solicitada: get_all_novedades
[29-Sep-2025 13:45:30 Europe/Berlin] PHP Deprecated:  Creation of dynamic property Conexion::$envVars is deprecated in C:\xampp\htdocs\administracion\class\conexion.php on line 11
[29-Sep-2025 13:45:30 Europe/Berlin] PHP Deprecated:  Creation of dynamic property Conexion::$host_central is deprecated in C:\xampp\htdocs\administracion\class\conexion.php on line 13
[29-Sep-2025 13:45:30 Europe/Berlin] PHP Deprecated:  Creation of dynamic property Conexion::$database_central is deprecated in C:\xampp\htdocs\administracion\class\conexion.php on line 14
[29-Sep-2025 13:45:30 Europe/Berlin] PHP Deprecated:  Creation of dynamic property Conexion::$host_locales is deprecated in C:\xampp\htdocs\administracion\class\conexion.php on line 15
[29-Sep-2025 13:45:30 Europe/Berlin] PHP Deprecated:  Creation of dynamic property Conexion::$host_apps is deprecated in C:\xampp\htdocs\administracion\class\conexion.php on line 16
[29-Sep-2025 13:45:30 Europe/Berlin] PHP Deprecated:  Creation of dynamic property Conexion::$database_locales is deprecated in C:\xampp\htdocs\administracion\class\conexion.php on line 17
[29-Sep-2025 13:45:30 Europe/Berlin] PHP Deprecated:  Creation of dynamic property Conexion::$database_tangobis is deprecated in C:\xampp\htdocs\administracion\class\conexion.php on line 18
[29-Sep-2025 13:45:30 Europe/Berlin] PHP Deprecated:  Creation of dynamic property Conexion::$database_apps is deprecated in C:\xampp\htdocs\administracion\class\conexion.php on line 19
[29-Sep-2025 13:45:30 Europe/Berlin] PHP Deprecated:  Creation of dynamic property Conexion::$user is deprecated in C:\xampp\htdocs\administracion\class\conexion.php on line 20
[29-Sep-2025 13:45:30 Europe/Berlin] PHP Deprecated:  Creation of dynamic property Conexion::$pass is deprecated in C:\xampp\htdocs\administracion\class\conexion.php on line 21
[29-Sep-2025 13:45:30 Europe/Berlin] PHP Deprecated:  Creation of dynamic property Conexion::$pass_locales is deprecated in C:\xampp\htdocs\administracion\class\conexion.php on line 22
[29-Sep-2025 13:45:30 Europe/Berlin] PHP Deprecated:  Creation of dynamic property Conexion::$character is deprecated in C:\xampp\htdocs\administracion\class\conexion.php on line 23
[29-Sep-2025 13:45:30 Europe/Berlin] PHP Deprecated:  Creation of dynamic property Conexion::$env is deprecated in C:\xampp\htdocs\administracion\class\conexion.php on line 24
[29-Sep-2025 13:45:30 Europe/Berlin] PHP Deprecated:  Creation of dynamic property Conexion::$prefix is deprecated in C:\xampp\htdocs\administracion\class\conexion.php on line 25
[29-Sep-2025 13:45:30 Europe/Berlin] PHP Deprecated:  Creation of dynamic property Conexion::$database_uy is deprecated in C:\xampp\htdocs\administracion\class\conexion.php on line 26
[29-Sep-2025 13:45:30 Europe/Berlin] PHP Deprecated:  Creation of dynamic property Conexion::$database_sucUy is deprecated in C:\xampp\htdocs\administracion\class\conexion.php on line 27
[29-Sep-2025 13:45:30 Europe/Berlin] Conexión a base de datos 'apps' establecida correctamente
[29-Sep-2025 13:45:30 Europe/Berlin] Acción solicitada: get_novedades
[29-Sep-2025 13:45:30 Europe/Berlin] PHP Deprecated:  Creation of dynamic property Conexion::$envVars is deprecated in C:\xampp\htdocs\administracion\class\conexion.php on line 11
[29-Sep-2025 13:45:30 Europe/Berlin] PHP Deprecated:  Creation of dynamic property Conexion::$host_central is deprecated in C:\xampp\htdocs\administracion\class\conexion.php on line 13
[29-Sep-2025 13:45:30 Europe/Berlin] PHP Deprecated:  Creation of dynamic property Conexion::$database_central is deprecated in C:\xampp\htdocs\administracion\class\conexion.php on line 14
[29-Sep-2025 13:45:30 Europe/Berlin] PHP Deprecated:  Creation of dynamic property Conexion::$host_locales is deprecated in C:\xampp\htdocs\administracion\class\conexion.php on line 15
[29-Sep-2025 13:45:30 Europe/Berlin] PHP Deprecated:  Creation of dynamic property Conexion::$host_apps is deprecated in C:\xampp\htdocs\administracion\class\conexion.php on line 16
[29-Sep-2025 13:45:30 Europe/Berlin] PHP Deprecated:  Creation of dynamic property Conexion::$database_locales is deprecated in C:\xampp\htdocs\administracion\class\conexion.php on line 17
[29-Sep-2025 13:45:30 Europe/Berlin] PHP Deprecated:  Creation of dynamic property Conexion::$database_tangobis is deprecated in C:\xampp\htdocs\administracion\class\conexion.php on line 18
[29-Sep-2025 13:45:30 Europe/Berlin] PHP Deprecated:  Creation of dynamic property Conexion::$database_apps is deprecated in C:\xampp\htdocs\administracion\class\conexion.php on line 19
[29-Sep-2025 13:45:30 Europe/Berlin] PHP Deprecated:  Creation of dynamic property Conexion::$user is deprecated in C:\xampp\htdocs\administracion\class\conexion.php on line 20
[29-Sep-2025 13:45:30 Europe/Berlin] PHP Deprecated:  Creation of dynamic property Conexion::$pass is deprecated in C:\xampp\htdocs\administracion\class\conexion.php on line 21
[29-Sep-2025 13:45:30 Europe/Berlin] PHP Deprecated:  Creation of dynamic property Conexion::$pass_locales is deprecated in C:\xampp\htdocs\administracion\class\conexion.php on line 22
[29-Sep-2025 13:45:30 Europe/Berlin] PHP Deprecated:  Creation of dynamic property Conexion::$character is deprecated in C:\xampp\htdocs\administracion\class\conexion.php on line 23
[29-Sep-2025 13:45:30 Europe/Berlin] PHP Deprecated:  Creation of dynamic property Conexion::$env is deprecated in C:\xampp\htdocs\administracion\class\conexion.php on line 24
[29-Sep-2025 13:45:30 Europe/Berlin] PHP Deprecated:  Creation of dynamic property Conexion::$prefix is deprecated in C:\xampp\htdocs\administracion\class\conexion.php on line 25
[29-Sep-2025 13:45:30 Europe/Berlin] PHP Deprecated:  Creation of dynamic property Conexion::$database_uy is deprecated in C:\xampp\htdocs\administracion\class\conexion.php on line 26
[29-Sep-2025 13:45:30 Europe/Berlin] PHP Deprecated:  Creation of dynamic property Conexion::$database_sucUy is deprecated in C:\xampp\htdocs\administracion\class\conexion.php on line 27
[29-Sep-2025 13:45:30 Europe/Berlin] Conexión a base de datos 'apps' establecida correctamente
[29-Sep-2025 13:45:30 Europe/Berlin] Acción solicitada: get_centros_costos
[29-Sep-2025 13:45:56 Europe/Berlin] PHP Deprecated:  Creation of dynamic property Conexion::$envVars is deprecated in C:\xampp\htdocs\administracion\class\conexion.php on line 11
[29-Sep-2025 13:45:56 Europe/Berlin] PHP Deprecated:  Creation of dynamic property Conexion::$host_central is deprecated in C:\xampp\htdocs\administracion\class\conexion.php on line 13
[29-Sep-2025 13:45:56 Europe/Berlin] PHP Deprecated:  Creation of dynamic property Conexion::$database_central is deprecated in C:\xampp\htdocs\administracion\class\conexion.php on line 14
[29-Sep-2025 13:45:56 Europe/Berlin] PHP Deprecated:  Creation of dynamic property Conexion::$host_locales is deprecated in C:\xampp\htdocs\administracion\class\conexion.php on line 15
[29-Sep-2025 13:45:56 Europe/Berlin] PHP Deprecated:  Creation of dynamic property Conexion::$host_apps is deprecated in C:\xampp\htdocs\administracion\class\conexion.php on line 16
[29-Sep-2025 13:45:56 Europe/Berlin] PHP Deprecated:  Creation of dynamic property Conexion::$database_locales is deprecated in C:\xampp\htdocs\administracion\class\conexion.php on line 17
[29-Sep-2025 13:45:56 Europe/Berlin] PHP Deprecated:  Creation of dynamic property Conexion::$database_tangobis is deprecated in C:\xampp\htdocs\administracion\class\conexion.php on line 18
[29-Sep-2025 13:45:56 Europe/Berlin] PHP Deprecated:  Creation of dynamic property Conexion::$database_apps is deprecated in C:\xampp\htdocs\administracion\class\conexion.php on line 19
[29-Sep-2025 13:45:56 Europe/Berlin] PHP Deprecated:  Creation of dynamic property Conexion::$user is deprecated in C:\xampp\htdocs\administracion\class\conexion.php on line 20
[29-Sep-2025 13:45:56 Europe/Berlin] PHP Deprecated:  Creation of dynamic property Conexion::$pass is deprecated in C:\xampp\htdocs\administracion\class\conexion.php on line 21
[29-Sep-2025 13:45:56 Europe/Berlin] PHP Deprecated:  Creation of dynamic property Conexion::$pass_locales is deprecated in C:\xampp\htdocs\administracion\class\conexion.php on line 22
[29-Sep-2025 13:45:56 Europe/Berlin] PHP Deprecated:  Creation of dynamic property Conexion::$character is deprecated in C:\xampp\htdocs\administracion\class\conexion.php on line 23
[29-Sep-2025 13:45:56 Europe/Berlin] PHP Deprecated:  Creation of dynamic property Conexion::$env is deprecated in C:\xampp\htdocs\administracion\class\conexion.php on line 24
[29-Sep-2025 13:45:56 Europe/Berlin] PHP Deprecated:  Creation of dynamic property Conexion::$prefix is deprecated in C:\xampp\htdocs\administracion\class\conexion.php on line 25
[29-Sep-2025 13:45:56 Europe/Berlin] PHP Deprecated:  Creation of dynamic property Conexion::$database_uy is deprecated in C:\xampp\htdocs\administracion\class\conexion.php on line 26
[29-Sep-2025 13:45:56 Europe/Berlin] PHP Deprecated:  Creation of dynamic property Conexion::$database_sucUy is deprecated in C:\xampp\htdocs\administracion\class\conexion.php on line 27
[29-Sep-2025 13:45:56 Europe/Berlin] Conexión a base de datos 'apps' establecida correctamente
[29-Sep-2025 13:45:56 Europe/Berlin] Acción solicitada: get_all_novedades
[29-Sep-2025 13:45:56 Europe/Berlin] PHP Deprecated:  Creation of dynamic property Conexion::$envVars is deprecated in C:\xampp\htdocs\administracion\class\conexion.php on line 11
[29-Sep-2025 13:45:56 Europe/Berlin] PHP Deprecated:  Creation of dynamic property Conexion::$host_central is deprecated in C:\xampp\htdocs\administracion\class\conexion.php on line 13
[29-Sep-2025 13:45:56 Europe/Berlin] PHP Deprecated:  Creation of dynamic property Conexion::$database_central is deprecated in C:\xampp\htdocs\administracion\class\conexion.php on line 14
[29-Sep-2025 13:45:56 Europe/Berlin] PHP Deprecated:  Creation of dynamic property Conexion::$host_locales is deprecated in C:\xampp\htdocs\administracion\class\conexion.php on line 15
[29-Sep-2025 13:45:56 Europe/Berlin] PHP Deprecated:  Creation of dynamic property Conexion::$host_apps is deprecated in C:\xampp\htdocs\administracion\class\conexion.php on line 16
[29-Sep-2025 13:45:56 Europe/Berlin] PHP Deprecated:  Creation of dynamic property Conexion::$database_locales is deprecated in C:\xampp\htdocs\administracion\class\conexion.php on line 17
[29-Sep-2025 13:45:56 Europe/Berlin] PHP Deprecated:  Creation of dynamic property Conexion::$database_tangobis is deprecated in C:\xampp\htdocs\administracion\class\conexion.php on line 18
[29-Sep-2025 13:45:56 Europe/Berlin] PHP Deprecated:  Creation of dynamic property Conexion::$database_apps is deprecated in C:\xampp\htdocs\administracion\class\conexion.php on line 19
[29-Sep-2025 13:45:56 Europe/Berlin] PHP Deprecated:  Creation of dynamic property Conexion::$user is deprecated in C:\xampp\htdocs\administracion\class\conexion.php on line 20
[29-Sep-2025 13:45:56 Europe/Berlin] PHP Deprecated:  Creation of dynamic property Conexion::$pass is deprecated in C:\xampp\htdocs\administracion\class\conexion.php on line 21
[29-Sep-2025 13:45:56 Europe/Berlin] PHP Deprecated:  Creation of dynamic property Conexion::$pass_locales is deprecated in C:\xampp\htdocs\administracion\class\conexion.php on line 22
[29-Sep-2025 13:45:56 Europe/Berlin] PHP Deprecated:  Creation of dynamic property Conexion::$character is deprecated in C:\xampp\htdocs\administracion\class\conexion.php on line 23
[29-Sep-2025 13:45:56 Europe/Berlin] PHP Deprecated:  Creation of dynamic property Conexion::$env is deprecated in C:\xampp\htdocs\administracion\class\conexion.php on line 24
[29-Sep-2025 13:45:56 Europe/Berlin] PHP Deprecated:  Creation of dynamic property Conexion::$prefix is deprecated in C:\xampp\htdocs\administracion\class\conexion.php on line 25
[29-Sep-2025 13:45:56 Europe/Berlin] PHP Deprecated:  Creation of dynamic property Conexion::$database_uy is deprecated in C:\xampp\htdocs\administracion\class\conexion.php on line 26
[29-Sep-2025 13:45:56 Europe/Berlin] PHP Deprecated:  Creation of dynamic property Conexion::$database_sucUy is deprecated in C:\xampp\htdocs\administracion\class\conexion.php on line 27
[29-Sep-2025 13:45:56 Europe/Berlin] Conexión a base de datos 'apps' establecida correctamente
[29-Sep-2025 13:45:56 Europe/Berlin] Acción solicitada: get_novedades
[29-Sep-2025 13:45:56 Europe/Berlin] PHP Deprecated:  Creation of dynamic property Conexion::$envVars is deprecated in C:\xampp\htdocs\administracion\class\conexion.php on line 11
[29-Sep-2025 13:45:56 Europe/Berlin] PHP Deprecated:  Creation of dynamic property Conexion::$host_central is deprecated in C:\xampp\htdocs\administracion\class\conexion.php on line 13
[29-Sep-2025 13:45:56 Europe/Berlin] PHP Deprecated:  Creation of dynamic property Conexion::$database_central is deprecated in C:\xampp\htdocs\administracion\class\conexion.php on line 14
[29-Sep-2025 13:45:56 Europe/Berlin] PHP Deprecated:  Creation of dynamic property Conexion::$host_locales is deprecated in C:\xampp\htdocs\administracion\class\conexion.php on line 15
[29-Sep-2025 13:45:56 Europe/Berlin] PHP Deprecated:  Creation of dynamic property Conexion::$host_apps is deprecated in C:\xampp\htdocs\administracion\class\conexion.php on line 16
[29-Sep-2025 13:45:56 Europe/Berlin] PHP Deprecated:  Creation of dynamic property Conexion::$database_locales is deprecated in C:\xampp\htdocs\administracion\class\conexion.php on line 17
[29-Sep-2025 13:45:56 Europe/Berlin] PHP Deprecated:  Creation of dynamic property Conexion::$database_tangobis is deprecated in C:\xampp\htdocs\administracion\class\conexion.php on line 18
[29-Sep-2025 13:45:56 Europe/Berlin] PHP Deprecated:  Creation of dynamic property Conexion::$database_apps is deprecated in C:\xampp\htdocs\administracion\class\conexion.php on line 19
[29-Sep-2025 13:45:56 Europe/Berlin] PHP Deprecated:  Creation of dynamic property Conexion::$user is deprecated in C:\xampp\htdocs\administracion\class\conexion.php on line 20
[29-Sep-2025 13:45:56 Europe/Berlin] PHP Deprecated:  Creation of dynamic property Conexion::$pass is deprecated in C:\xampp\htdocs\administracion\class\conexion.php on line 21
[29-Sep-2025 13:45:56 Europe/Berlin] PHP Deprecated:  Creation of dynamic property Conexion::$pass_locales is deprecated in C:\xampp\htdocs\administracion\class\conexion.php on line 22
[29-Sep-2025 13:45:56 Europe/Berlin] PHP Deprecated:  Creation of dynamic property Conexion::$character is deprecated in C:\xampp\htdocs\administracion\class\conexion.php on line 23
[29-Sep-2025 13:45:56 Europe/Berlin] PHP Deprecated:  Creation of dynamic property Conexion::$env is deprecated in C:\xampp\htdocs\administracion\class\conexion.php on line 24
[29-Sep-2025 13:45:56 Europe/Berlin] PHP Deprecated:  Creation of dynamic property Conexion::$prefix is deprecated in C:\xampp\htdocs\administracion\class\conexion.php on line 25
[29-Sep-2025 13:45:56 Europe/Berlin] PHP Deprecated:  Creation of dynamic property Conexion::$database_uy is deprecated in C:\xampp\htdocs\administracion\class\conexion.php on line 26
[29-Sep-2025 13:45:56 Europe/Berlin] PHP Deprecated:  Creation of dynamic property Conexion::$database_sucUy is deprecated in C:\xampp\htdocs\administracion\class\conexion.php on line 27
[29-Sep-2025 13:45:56 Europe/Berlin] Conexión a base de datos 'apps' establecida correctamente
[29-Sep-2025 13:45:56 Europe/Berlin] Acción solicitada: get_centros_costos
[29-Sep-2025 13:46:16 Europe/Berlin] PHP Deprecated:  Creation of dynamic property Conexion::$envVars is deprecated in C:\xampp\htdocs\administracion\class\conexion.php on line 11
[29-Sep-2025 13:46:16 Europe/Berlin] PHP Deprecated:  Creation of dynamic property Conexion::$host_central is deprecated in C:\xampp\htdocs\administracion\class\conexion.php on line 13
[29-Sep-2025 13:46:16 Europe/Berlin] PHP Deprecated:  Creation of dynamic property Conexion::$database_central is deprecated in C:\xampp\htdocs\administracion\class\conexion.php on line 14
[29-Sep-2025 13:46:16 Europe/Berlin] PHP Deprecated:  Creation of dynamic property Conexion::$host_locales is deprecated in C:\xampp\htdocs\administracion\class\conexion.php on line 15
[29-Sep-2025 13:46:16 Europe/Berlin] PHP Deprecated:  Creation of dynamic property Conexion::$host_apps is deprecated in C:\xampp\htdocs\administracion\class\conexion.php on line 16
[29-Sep-2025 13:46:16 Europe/Berlin] PHP Deprecated:  Creation of dynamic property Conexion::$database_locales is deprecated in C:\xampp\htdocs\administracion\class\conexion.php on line 17
[29-Sep-2025 13:46:16 Europe/Berlin] PHP Deprecated:  Creation of dynamic property Conexion::$envVars is deprecated in C:\xampp\htdocs\administracion\class\conexion.php on line 11
[29-Sep-2025 13:46:16 Europe/Berlin] PHP Deprecated:  Creation of dynamic property Conexion::$database_tangobis is deprecated in C:\xampp\htdocs\administracion\class\conexion.php on line 18
[29-Sep-2025 13:46:16 Europe/Berlin] PHP Deprecated:  Creation of dynamic property Conexion::$host_central is deprecated in C:\xampp\htdocs\administracion\class\conexion.php on line 13
[29-Sep-2025 13:46:16 Europe/Berlin] PHP Deprecated:  Creation of dynamic property Conexion::$database_apps is deprecated in C:\xampp\htdocs\administracion\class\conexion.php on line 19
[29-Sep-2025 13:46:16 Europe/Berlin] PHP Deprecated:  Creation of dynamic property Conexion::$database_central is deprecated in C:\xampp\htdocs\administracion\class\conexion.php on line 14
[29-Sep-2025 13:46:16 Europe/Berlin] PHP Deprecated:  Creation of dynamic property Conexion::$user is deprecated in C:\xampp\htdocs\administracion\class\conexion.php on line 20
[29-Sep-2025 13:46:16 Europe/Berlin] PHP Deprecated:  Creation of dynamic property Conexion::$host_locales is deprecated in C:\xampp\htdocs\administracion\class\conexion.php on line 15
[29-Sep-2025 13:46:16 Europe/Berlin] PHP Deprecated:  Creation of dynamic property Conexion::$pass is deprecated in C:\xampp\htdocs\administracion\class\conexion.php on line 21
[29-Sep-2025 13:46:16 Europe/Berlin] PHP Deprecated:  Creation of dynamic property Conexion::$host_apps is deprecated in C:\xampp\htdocs\administracion\class\conexion.php on line 16
[29-Sep-2025 13:46:16 Europe/Berlin] PHP Deprecated:  Creation of dynamic property Conexion::$pass_locales is deprecated in C:\xampp\htdocs\administracion\class\conexion.php on line 22
[29-Sep-2025 13:46:16 Europe/Berlin] PHP Deprecated:  Creation of dynamic property Conexion::$database_locales is deprecated in C:\xampp\htdocs\administracion\class\conexion.php on line 17
[29-Sep-2025 13:46:16 Europe/Berlin] PHP Deprecated:  Creation of dynamic property Conexion::$character is deprecated in C:\xampp\htdocs\administracion\class\conexion.php on line 23
[29-Sep-2025 13:46:16 Europe/Berlin] PHP Deprecated:  Creation of dynamic property Conexion::$database_tangobis is deprecated in C:\xampp\htdocs\administracion\class\conexion.php on line 18
[29-Sep-2025 13:46:16 Europe/Berlin] PHP Deprecated:  Creation of dynamic property Conexion::$env is deprecated in C:\xampp\htdocs\administracion\class\conexion.php on line 24
[29-Sep-2025 13:46:16 Europe/Berlin] PHP Deprecated:  Creation of dynamic property Conexion::$database_apps is deprecated in C:\xampp\htdocs\administracion\class\conexion.php on line 19
[29-Sep-2025 13:46:16 Europe/Berlin] PHP Deprecated:  Creation of dynamic property Conexion::$prefix is deprecated in C:\xampp\htdocs\administracion\class\conexion.php on line 25
[29-Sep-2025 13:46:16 Europe/Berlin] PHP Deprecated:  Creation of dynamic property Conexion::$user is deprecated in C:\xampp\htdocs\administracion\class\conexion.php on line 20
[29-Sep-2025 13:46:16 Europe/Berlin] PHP Deprecated:  Creation of dynamic property Conexion::$database_uy is deprecated in C:\xampp\htdocs\administracion\class\conexion.php on line 26
[29-Sep-2025 13:46:16 Europe/Berlin] PHP Deprecated:  Creation of dynamic property Conexion::$pass is deprecated in C:\xampp\htdocs\administracion\class\conexion.php on line 21
[29-Sep-2025 13:46:16 Europe/Berlin] PHP Deprecated:  Creation of dynamic property Conexion::$database_sucUy is deprecated in C:\xampp\htdocs\administracion\class\conexion.php on line 27
[29-Sep-2025 13:46:16 Europe/Berlin] PHP Deprecated:  Creation of dynamic property Conexion::$pass_locales is deprecated in C:\xampp\htdocs\administracion\class\conexion.php on line 22
[29-Sep-2025 13:46:16 Europe/Berlin] PHP Deprecated:  Creation of dynamic property Conexion::$character is deprecated in C:\xampp\htdocs\administracion\class\conexion.php on line 23
[29-Sep-2025 13:46:16 Europe/Berlin] Conexión a base de datos 'apps' establecida correctamente
[29-Sep-2025 13:46:16 Europe/Berlin] PHP Deprecated:  Creation of dynamic property Conexion::$env is deprecated in C:\xampp\htdocs\administracion\class\conexion.php on line 24
[29-Sep-2025 13:46:16 Europe/Berlin] PHP Deprecated:  Creation of dynamic property Conexion::$prefix is deprecated in C:\xampp\htdocs\administracion\class\conexion.php on line 25
[29-Sep-2025 13:46:16 Europe/Berlin] PHP Deprecated:  Creation of dynamic property Conexion::$database_uy is deprecated in C:\xampp\htdocs\administracion\class\conexion.php on line 26
[29-Sep-2025 13:46:16 Europe/Berlin] PHP Deprecated:  Creation of dynamic property Conexion::$database_sucUy is deprecated in C:\xampp\htdocs\administracion\class\conexion.php on line 27
[29-Sep-2025 13:46:16 Europe/Berlin] Conexión a base de datos 'apps' establecida correctamente
[29-Sep-2025 13:46:16 Europe/Berlin] Acción solicitada: get_all_novedades
[29-Sep-2025 13:46:16 Europe/Berlin] Acción solicitada: get_tipo_usuario
[29-Sep-2025 13:46:16 Europe/Berlin] 🔧 DEBUG: Iniciando get_tipo_usuario
[29-Sep-2025 13:46:16 Europe/Berlin] ✅ DEBUG: Clase Usuario existe
[29-Sep-2025 13:46:16 Europe/Berlin] ✅ DEBUG: Método getTipoUsuario existe
[29-Sep-2025 13:46:16 Europe/Berlin] ✅ DEBUG: getTipoUsuario() retornó: 4
[29-Sep-2025 13:46:16 Europe/Berlin] ✅ DEBUG: Método esUsuarioRRHH existe
[29-Sep-2025 13:46:16 Europe/Berlin] ✅ DEBUG: esUsuarioRRHH() retornó: true
[29-Sep-2025 13:46:16 Europe/Berlin] ✅ DEBUG: Método getTipoUsuarioDescripcion existe
[29-Sep-2025 13:46:16 Europe/Berlin] ✅ DEBUG: getTipoUsuarioDescripcion() retornó: Recursos Humanos
[29-Sep-2025 13:46:16 Europe/Berlin] ✅ DEBUG: Todos los métodos funcionaron correctamente
[29-Sep-2025 13:46:16 Europe/Berlin] PHP Deprecated:  Creation of dynamic property Conexion::$envVars is deprecated in C:\xampp\htdocs\administracion\class\conexion.php on line 11
[29-Sep-2025 13:46:16 Europe/Berlin] PHP Deprecated:  Creation of dynamic property Conexion::$host_central is deprecated in C:\xampp\htdocs\administracion\class\conexion.php on line 13
[29-Sep-2025 13:46:16 Europe/Berlin] PHP Deprecated:  Creation of dynamic property Conexion::$database_central is deprecated in C:\xampp\htdocs\administracion\class\conexion.php on line 14
[29-Sep-2025 13:46:16 Europe/Berlin] PHP Deprecated:  Creation of dynamic property Conexion::$host_locales is deprecated in C:\xampp\htdocs\administracion\class\conexion.php on line 15
[29-Sep-2025 13:46:16 Europe/Berlin] PHP Deprecated:  Creation of dynamic property Conexion::$host_apps is deprecated in C:\xampp\htdocs\administracion\class\conexion.php on line 16
[29-Sep-2025 13:46:16 Europe/Berlin] PHP Deprecated:  Creation of dynamic property Conexion::$database_locales is deprecated in C:\xampp\htdocs\administracion\class\conexion.php on line 17
[29-Sep-2025 13:46:16 Europe/Berlin] PHP Deprecated:  Creation of dynamic property Conexion::$database_tangobis is deprecated in C:\xampp\htdocs\administracion\class\conexion.php on line 18
[29-Sep-2025 13:46:16 Europe/Berlin] PHP Deprecated:  Creation of dynamic property Conexion::$database_apps is deprecated in C:\xampp\htdocs\administracion\class\conexion.php on line 19
[29-Sep-2025 13:46:16 Europe/Berlin] PHP Deprecated:  Creation of dynamic property Conexion::$user is deprecated in C:\xampp\htdocs\administracion\class\conexion.php on line 20
[29-Sep-2025 13:46:16 Europe/Berlin] PHP Deprecated:  Creation of dynamic property Conexion::$pass is deprecated in C:\xampp\htdocs\administracion\class\conexion.php on line 21
[29-Sep-2025 13:46:16 Europe/Berlin] PHP Deprecated:  Creation of dynamic property Conexion::$pass_locales is deprecated in C:\xampp\htdocs\administracion\class\conexion.php on line 22
[29-Sep-2025 13:46:16 Europe/Berlin] PHP Deprecated:  Creation of dynamic property Conexion::$character is deprecated in C:\xampp\htdocs\administracion\class\conexion.php on line 23
[29-Sep-2025 13:46:16 Europe/Berlin] PHP Deprecated:  Creation of dynamic property Conexion::$env is deprecated in C:\xampp\htdocs\administracion\class\conexion.php on line 24
[29-Sep-2025 13:46:16 Europe/Berlin] PHP Deprecated:  Creation of dynamic property Conexion::$prefix is deprecated in C:\xampp\htdocs\administracion\class\conexion.php on line 25
[29-Sep-2025 13:46:16 Europe/Berlin] PHP Deprecated:  Creation of dynamic property Conexion::$database_uy is deprecated in C:\xampp\htdocs\administracion\class\conexion.php on line 26
[29-Sep-2025 13:46:16 Europe/Berlin] PHP Deprecated:  Creation of dynamic property Conexion::$database_sucUy is deprecated in C:\xampp\htdocs\administracion\class\conexion.php on line 27
[29-Sep-2025 13:46:16 Europe/Berlin] Conexión a base de datos 'apps' establecida correctamente
[29-Sep-2025 13:46:16 Europe/Berlin] PHP Deprecated:  Creation of dynamic property Conexion::$envVars is deprecated in C:\xampp\htdocs\administracion\class\conexion.php on line 11
[29-Sep-2025 13:46:16 Europe/Berlin] PHP Deprecated:  Creation of dynamic property Conexion::$host_central is deprecated in C:\xampp\htdocs\administracion\class\conexion.php on line 13
[29-Sep-2025 13:46:16 Europe/Berlin] PHP Deprecated:  Creation of dynamic property Conexion::$database_central is deprecated in C:\xampp\htdocs\administracion\class\conexion.php on line 14
[29-Sep-2025 13:46:16 Europe/Berlin] PHP Deprecated:  Creation of dynamic property Conexion::$host_locales is deprecated in C:\xampp\htdocs\administracion\class\conexion.php on line 15
[29-Sep-2025 13:46:16 Europe/Berlin] PHP Deprecated:  Creation of dynamic property Conexion::$host_apps is deprecated in C:\xampp\htdocs\administracion\class\conexion.php on line 16
[29-Sep-2025 13:46:16 Europe/Berlin] PHP Deprecated:  Creation of dynamic property Conexion::$database_locales is deprecated in C:\xampp\htdocs\administracion\class\conexion.php on line 17
[29-Sep-2025 13:46:16 Europe/Berlin] PHP Deprecated:  Creation of dynamic property Conexion::$database_tangobis is deprecated in C:\xampp\htdocs\administracion\class\conexion.php on line 18
[29-Sep-2025 13:46:16 Europe/Berlin] PHP Deprecated:  Creation of dynamic property Conexion::$database_apps is deprecated in C:\xampp\htdocs\administracion\class\conexion.php on line 19
[29-Sep-2025 13:46:16 Europe/Berlin] PHP Deprecated:  Creation of dynamic property Conexion::$user is deprecated in C:\xampp\htdocs\administracion\class\conexion.php on line 20
[29-Sep-2025 13:46:16 Europe/Berlin] PHP Deprecated:  Creation of dynamic property Conexion::$pass is deprecated in C:\xampp\htdocs\administracion\class\conexion.php on line 21
[29-Sep-2025 13:46:16 Europe/Berlin] PHP Deprecated:  Creation of dynamic property Conexion::$pass_locales is deprecated in C:\xampp\htdocs\administracion\class\conexion.php on line 22
[29-Sep-2025 13:46:16 Europe/Berlin] PHP Deprecated:  Creation of dynamic property Conexion::$character is deprecated in C:\xampp\htdocs\administracion\class\conexion.php on line 23
[29-Sep-2025 13:46:16 Europe/Berlin] PHP Deprecated:  Creation of dynamic property Conexion::$env is deprecated in C:\xampp\htdocs\administracion\class\conexion.php on line 24
[29-Sep-2025 13:46:16 Europe/Berlin] PHP Deprecated:  Creation of dynamic property Conexion::$prefix is deprecated in C:\xampp\htdocs\administracion\class\conexion.php on line 25
[29-Sep-2025 13:46:16 Europe/Berlin] PHP Deprecated:  Creation of dynamic property Conexion::$database_uy is deprecated in C:\xampp\htdocs\administracion\class\conexion.php on line 26
[29-Sep-2025 13:46:16 Europe/Berlin] PHP Deprecated:  Creation of dynamic property Conexion::$database_sucUy is deprecated in C:\xampp\htdocs\administracion\class\conexion.php on line 27
[29-Sep-2025 13:46:16 Europe/Berlin] Conexión a base de datos 'apps' establecida correctamente
[29-Sep-2025 13:46:16 Europe/Berlin] Acción solicitada: test
[29-Sep-2025 13:46:16 Europe/Berlin] Acción solicitada: get_novedades
[29-Sep-2025 13:46:16 Europe/Berlin] PHP Deprecated:  Creation of dynamic property Conexion::$envVars is deprecated in C:\xampp\htdocs\administracion\class\conexion.php on line 11
[29-Sep-2025 13:46:16 Europe/Berlin] PHP Deprecated:  Creation of dynamic property Conexion::$host_central is deprecated in C:\xampp\htdocs\administracion\class\conexion.php on line 13
[29-Sep-2025 13:46:16 Europe/Berlin] PHP Deprecated:  Creation of dynamic property Conexion::$database_central is deprecated in C:\xampp\htdocs\administracion\class\conexion.php on line 14
[29-Sep-2025 13:46:16 Europe/Berlin] PHP Deprecated:  Creation of dynamic property Conexion::$host_locales is deprecated in C:\xampp\htdocs\administracion\class\conexion.php on line 15
[29-Sep-2025 13:46:16 Europe/Berlin] PHP Deprecated:  Creation of dynamic property Conexion::$host_apps is deprecated in C:\xampp\htdocs\administracion\class\conexion.php on line 16
[29-Sep-2025 13:46:16 Europe/Berlin] PHP Deprecated:  Creation of dynamic property Conexion::$database_locales is deprecated in C:\xampp\htdocs\administracion\class\conexion.php on line 17
[29-Sep-2025 13:46:16 Europe/Berlin] PHP Deprecated:  Creation of dynamic property Conexion::$database_tangobis is deprecated in C:\xampp\htdocs\administracion\class\conexion.php on line 18
[29-Sep-2025 13:46:16 Europe/Berlin] PHP Deprecated:  Creation of dynamic property Conexion::$database_apps is deprecated in C:\xampp\htdocs\administracion\class\conexion.php on line 19
[29-Sep-2025 13:46:16 Europe/Berlin] PHP Deprecated:  Creation of dynamic property Conexion::$user is deprecated in C:\xampp\htdocs\administracion\class\conexion.php on line 20
[29-Sep-2025 13:46:16 Europe/Berlin] PHP Deprecated:  Creation of dynamic property Conexion::$pass is deprecated in C:\xampp\htdocs\administracion\class\conexion.php on line 21
[29-Sep-2025 13:46:16 Europe/Berlin] PHP Deprecated:  Creation of dynamic property Conexion::$pass_locales is deprecated in C:\xampp\htdocs\administracion\class\conexion.php on line 22
[29-Sep-2025 13:46:16 Europe/Berlin] PHP Deprecated:  Creation of dynamic property Conexion::$character is deprecated in C:\xampp\htdocs\administracion\class\conexion.php on line 23
[29-Sep-2025 13:46:16 Europe/Berlin] PHP Deprecated:  Creation of dynamic property Conexion::$env is deprecated in C:\xampp\htdocs\administracion\class\conexion.php on line 24
[29-Sep-2025 13:46:16 Europe/Berlin] PHP Deprecated:  Creation of dynamic property Conexion::$prefix is deprecated in C:\xampp\htdocs\administracion\class\conexion.php on line 25
[29-Sep-2025 13:46:16 Europe/Berlin] PHP Deprecated:  Creation of dynamic property Conexion::$database_uy is deprecated in C:\xampp\htdocs\administracion\class\conexion.php on line 26
[29-Sep-2025 13:46:16 Europe/Berlin] PHP Deprecated:  Creation of dynamic property Conexion::$database_sucUy is deprecated in C:\xampp\htdocs\administracion\class\conexion.php on line 27
[29-Sep-2025 13:46:16 Europe/Berlin] Conexión a base de datos 'apps' establecida correctamente
[29-Sep-2025 13:46:16 Europe/Berlin] Acción solicitada: get_tipos_novedad
[29-Sep-2025 13:46:16 Europe/Berlin] PHP Deprecated:  Creation of dynamic property Conexion::$envVars is deprecated in C:\xampp\htdocs\administracion\class\conexion.php on line 11
[29-Sep-2025 13:46:16 Europe/Berlin] PHP Deprecated:  Creation of dynamic property Conexion::$host_central is deprecated in C:\xampp\htdocs\administracion\class\conexion.php on line 13
[29-Sep-2025 13:46:16 Europe/Berlin] PHP Deprecated:  Creation of dynamic property Conexion::$database_central is deprecated in C:\xampp\htdocs\administracion\class\conexion.php on line 14
[29-Sep-2025 13:46:16 Europe/Berlin] PHP Deprecated:  Creation of dynamic property Conexion::$host_locales is deprecated in C:\xampp\htdocs\administracion\class\conexion.php on line 15
[29-Sep-2025 13:46:16 Europe/Berlin] PHP Deprecated:  Creation of dynamic property Conexion::$host_apps is deprecated in C:\xampp\htdocs\administracion\class\conexion.php on line 16
[29-Sep-2025 13:46:16 Europe/Berlin] PHP Deprecated:  Creation of dynamic property Conexion::$database_locales is deprecated in C:\xampp\htdocs\administracion\class\conexion.php on line 17
[29-Sep-2025 13:46:16 Europe/Berlin] PHP Deprecated:  Creation of dynamic property Conexion::$database_tangobis is deprecated in C:\xampp\htdocs\administracion\class\conexion.php on line 18
[29-Sep-2025 13:46:16 Europe/Berlin] PHP Deprecated:  Creation of dynamic property Conexion::$database_apps is deprecated in C:\xampp\htdocs\administracion\class\conexion.php on line 19
[29-Sep-2025 13:46:16 Europe/Berlin] PHP Deprecated:  Creation of dynamic property Conexion::$user is deprecated in C:\xampp\htdocs\administracion\class\conexion.php on line 20
[29-Sep-2025 13:46:16 Europe/Berlin] PHP Deprecated:  Creation of dynamic property Conexion::$pass is deprecated in C:\xampp\htdocs\administracion\class\conexion.php on line 21
[29-Sep-2025 13:46:16 Europe/Berlin] PHP Deprecated:  Creation of dynamic property Conexion::$pass_locales is deprecated in C:\xampp\htdocs\administracion\class\conexion.php on line 22
[29-Sep-2025 13:46:16 Europe/Berlin] PHP Deprecated:  Creation of dynamic property Conexion::$character is deprecated in C:\xampp\htdocs\administracion\class\conexion.php on line 23
[29-Sep-2025 13:46:16 Europe/Berlin] PHP Deprecated:  Creation of dynamic property Conexion::$env is deprecated in C:\xampp\htdocs\administracion\class\conexion.php on line 24
[29-Sep-2025 13:46:16 Europe/Berlin] PHP Deprecated:  Creation of dynamic property Conexion::$prefix is deprecated in C:\xampp\htdocs\administracion\class\conexion.php on line 25
[29-Sep-2025 13:46:16 Europe/Berlin] PHP Deprecated:  Creation of dynamic property Conexion::$database_uy is deprecated in C:\xampp\htdocs\administracion\class\conexion.php on line 26
[29-Sep-2025 13:46:16 Europe/Berlin] PHP Deprecated:  Creation of dynamic property Conexion::$database_sucUy is deprecated in C:\xampp\htdocs\administracion\class\conexion.php on line 27
[29-Sep-2025 13:46:16 Europe/Berlin] Conexión a base de datos 'apps' establecida correctamente
[29-Sep-2025 13:46:16 Europe/Berlin] Acción solicitada: get_centros_costos
[29-Sep-2025 13:46:16 Europe/Berlin] PHP Deprecated:  Creation of dynamic property Conexion::$envVars is deprecated in C:\xampp\htdocs\administracion\class\conexion.php on line 11
[29-Sep-2025 13:46:16 Europe/Berlin] PHP Deprecated:  Creation of dynamic property Conexion::$host_central is deprecated in C:\xampp\htdocs\administracion\class\conexion.php on line 13
[29-Sep-2025 13:46:16 Europe/Berlin] PHP Deprecated:  Creation of dynamic property Conexion::$database_central is deprecated in C:\xampp\htdocs\administracion\class\conexion.php on line 14
[29-Sep-2025 13:46:16 Europe/Berlin] PHP Deprecated:  Creation of dynamic property Conexion::$host_locales is deprecated in C:\xampp\htdocs\administracion\class\conexion.php on line 15
[29-Sep-2025 13:46:16 Europe/Berlin] PHP Deprecated:  Creation of dynamic property Conexion::$host_apps is deprecated in C:\xampp\htdocs\administracion\class\conexion.php on line 16
[29-Sep-2025 13:46:16 Europe/Berlin] PHP Deprecated:  Creation of dynamic property Conexion::$database_locales is deprecated in C:\xampp\htdocs\administracion\class\conexion.php on line 17
[29-Sep-2025 13:46:16 Europe/Berlin] PHP Deprecated:  Creation of dynamic property Conexion::$database_tangobis is deprecated in C:\xampp\htdocs\administracion\class\conexion.php on line 18
[29-Sep-2025 13:46:16 Europe/Berlin] PHP Deprecated:  Creation of dynamic property Conexion::$database_apps is deprecated in C:\xampp\htdocs\administracion\class\conexion.php on line 19
[29-Sep-2025 13:46:16 Europe/Berlin] PHP Deprecated:  Creation of dynamic property Conexion::$user is deprecated in C:\xampp\htdocs\administracion\class\conexion.php on line 20
[29-Sep-2025 13:46:16 Europe/Berlin] PHP Deprecated:  Creation of dynamic property Conexion::$pass is deprecated in C:\xampp\htdocs\administracion\class\conexion.php on line 21
[29-Sep-2025 13:46:16 Europe/Berlin] PHP Deprecated:  Creation of dynamic property Conexion::$pass_locales is deprecated in C:\xampp\htdocs\administracion\class\conexion.php on line 22
[29-Sep-2025 13:46:16 Europe/Berlin] PHP Deprecated:  Creation of dynamic property Conexion::$character is deprecated in C:\xampp\htdocs\administracion\class\conexion.php on line 23
[29-Sep-2025 13:46:16 Europe/Berlin] PHP Deprecated:  Creation of dynamic property Conexion::$env is deprecated in C:\xampp\htdocs\administracion\class\conexion.php on line 24
[29-Sep-2025 13:46:16 Europe/Berlin] PHP Deprecated:  Creation of dynamic property Conexion::$prefix is deprecated in C:\xampp\htdocs\administracion\class\conexion.php on line 25
[29-Sep-2025 13:46:16 Europe/Berlin] PHP Deprecated:  Creation of dynamic property Conexion::$database_uy is deprecated in C:\xampp\htdocs\administracion\class\conexion.php on line 26
[29-Sep-2025 13:46:16 Europe/Berlin] PHP Deprecated:  Creation of dynamic property Conexion::$database_sucUy is deprecated in C:\xampp\htdocs\administracion\class\conexion.php on line 27
[29-Sep-2025 13:46:16 Europe/Berlin] Conexión a base de datos 'apps' establecida correctamente
[29-Sep-2025 13:46:16 Europe/Berlin] Acción solicitada: get_centros_costos
[29-Sep-2025 13:46:16 Europe/Berlin] PHP Deprecated:  Creation of dynamic property Conexion::$envVars is deprecated in C:\xampp\htdocs\administracion\class\conexion.php on line 11
[29-Sep-2025 13:46:16 Europe/Berlin] PHP Deprecated:  Creation of dynamic property Conexion::$host_central is deprecated in C:\xampp\htdocs\administracion\class\conexion.php on line 13
[29-Sep-2025 13:46:16 Europe/Berlin] PHP Deprecated:  Creation of dynamic property Conexion::$database_central is deprecated in C:\xampp\htdocs\administracion\class\conexion.php on line 14
[29-Sep-2025 13:46:16 Europe/Berlin] PHP Deprecated:  Creation of dynamic property Conexion::$host_locales is deprecated in C:\xampp\htdocs\administracion\class\conexion.php on line 15
[29-Sep-2025 13:46:16 Europe/Berlin] PHP Deprecated:  Creation of dynamic property Conexion::$host_apps is deprecated in C:\xampp\htdocs\administracion\class\conexion.php on line 16
[29-Sep-2025 13:46:16 Europe/Berlin] PHP Deprecated:  Creation of dynamic property Conexion::$database_locales is deprecated in C:\xampp\htdocs\administracion\class\conexion.php on line 17
[29-Sep-2025 13:46:16 Europe/Berlin] PHP Deprecated:  Creation of dynamic property Conexion::$database_tangobis is deprecated in C:\xampp\htdocs\administracion\class\conexion.php on line 18
[29-Sep-2025 13:46:16 Europe/Berlin] PHP Deprecated:  Creation of dynamic property Conexion::$database_apps is deprecated in C:\xampp\htdocs\administracion\class\conexion.php on line 19
[29-Sep-2025 13:46:16 Europe/Berlin] PHP Deprecated:  Creation of dynamic property Conexion::$user is deprecated in C:\xampp\htdocs\administracion\class\conexion.php on line 20
[29-Sep-2025 13:46:16 Europe/Berlin] PHP Deprecated:  Creation of dynamic property Conexion::$pass is deprecated in C:\xampp\htdocs\administracion\class\conexion.php on line 21
[29-Sep-2025 13:46:16 Europe/Berlin] PHP Deprecated:  Creation of dynamic property Conexion::$pass_locales is deprecated in C:\xampp\htdocs\administracion\class\conexion.php on line 22
[29-Sep-2025 13:46:16 Europe/Berlin] PHP Deprecated:  Creation of dynamic property Conexion::$character is deprecated in C:\xampp\htdocs\administracion\class\conexion.php on line 23
[29-Sep-2025 13:46:16 Europe/Berlin] PHP Deprecated:  Creation of dynamic property Conexion::$env is deprecated in C:\xampp\htdocs\administracion\class\conexion.php on line 24
[29-Sep-2025 13:46:16 Europe/Berlin] PHP Deprecated:  Creation of dynamic property Conexion::$prefix is deprecated in C:\xampp\htdocs\administracion\class\conexion.php on line 25
[29-Sep-2025 13:46:16 Europe/Berlin] PHP Deprecated:  Creation of dynamic property Conexion::$database_uy is deprecated in C:\xampp\htdocs\administracion\class\conexion.php on line 26
[29-Sep-2025 13:46:16 Europe/Berlin] PHP Deprecated:  Creation of dynamic property Conexion::$database_sucUy is deprecated in C:\xampp\htdocs\administracion\class\conexion.php on line 27
[29-Sep-2025 13:46:16 Europe/Berlin] Conexión a base de datos 'apps' establecida correctamente
[29-Sep-2025 13:46:16 Europe/Berlin] Acción solicitada: get_centros_costos
[29-Sep-2025 13:46:16 Europe/Berlin] PHP Deprecated:  Creation of dynamic property Conexion::$envVars is deprecated in C:\xampp\htdocs\administracion\class\conexion.php on line 11
[29-Sep-2025 13:46:16 Europe/Berlin] PHP Deprecated:  Creation of dynamic property Conexion::$host_central is deprecated in C:\xampp\htdocs\administracion\class\conexion.php on line 13
[29-Sep-2025 13:46:16 Europe/Berlin] PHP Deprecated:  Creation of dynamic property Conexion::$database_central is deprecated in C:\xampp\htdocs\administracion\class\conexion.php on line 14
[29-Sep-2025 13:46:16 Europe/Berlin] PHP Deprecated:  Creation of dynamic property Conexion::$host_locales is deprecated in C:\xampp\htdocs\administracion\class\conexion.php on line 15
[29-Sep-2025 13:46:16 Europe/Berlin] PHP Deprecated:  Creation of dynamic property Conexion::$host_apps is deprecated in C:\xampp\htdocs\administracion\class\conexion.php on line 16
[29-Sep-2025 13:46:16 Europe/Berlin] PHP Deprecated:  Creation of dynamic property Conexion::$database_locales is deprecated in C:\xampp\htdocs\administracion\class\conexion.php on line 17
[29-Sep-2025 13:46:16 Europe/Berlin] PHP Deprecated:  Creation of dynamic property Conexion::$database_tangobis is deprecated in C:\xampp\htdocs\administracion\class\conexion.php on line 18
[29-Sep-2025 13:46:16 Europe/Berlin] PHP Deprecated:  Creation of dynamic property Conexion::$database_apps is deprecated in C:\xampp\htdocs\administracion\class\conexion.php on line 19
[29-Sep-2025 13:46:16 Europe/Berlin] PHP Deprecated:  Creation of dynamic property Conexion::$user is deprecated in C:\xampp\htdocs\administracion\class\conexion.php on line 20
[29-Sep-2025 13:46:16 Europe/Berlin] PHP Deprecated:  Creation of dynamic property Conexion::$pass is deprecated in C:\xampp\htdocs\administracion\class\conexion.php on line 21
[29-Sep-2025 13:46:16 Europe/Berlin] PHP Deprecated:  Creation of dynamic property Conexion::$pass_locales is deprecated in C:\xampp\htdocs\administracion\class\conexion.php on line 22
[29-Sep-2025 13:46:16 Europe/Berlin] PHP Deprecated:  Creation of dynamic property Conexion::$character is deprecated in C:\xampp\htdocs\administracion\class\conexion.php on line 23
[29-Sep-2025 13:46:16 Europe/Berlin] PHP Deprecated:  Creation of dynamic property Conexion::$env is deprecated in C:\xampp\htdocs\administracion\class\conexion.php on line 24
[29-Sep-2025 13:46:16 Europe/Berlin] PHP Deprecated:  Creation of dynamic property Conexion::$prefix is deprecated in C:\xampp\htdocs\administracion\class\conexion.php on line 25
[29-Sep-2025 13:46:16 Europe/Berlin] PHP Deprecated:  Creation of dynamic property Conexion::$database_uy is deprecated in C:\xampp\htdocs\administracion\class\conexion.php on line 26
[29-Sep-2025 13:46:16 Europe/Berlin] PHP Deprecated:  Creation of dynamic property Conexion::$database_sucUy is deprecated in C:\xampp\htdocs\administracion\class\conexion.php on line 27
[29-Sep-2025 13:46:16 Europe/Berlin] Conexión a base de datos 'apps' establecida correctamente
[29-Sep-2025 13:46:17 Europe/Berlin] Acción solicitada: get_tipos_novedad
[29-Sep-2025 13:46:18 Europe/Berlin] PHP Deprecated:  Creation of dynamic property Conexion::$envVars is deprecated in C:\xampp\htdocs\administracion\class\conexion.php on line 11
[29-Sep-2025 13:46:18 Europe/Berlin] PHP Deprecated:  Creation of dynamic property Conexion::$host_central is deprecated in C:\xampp\htdocs\administracion\class\conexion.php on line 13
[29-Sep-2025 13:46:18 Europe/Berlin] PHP Deprecated:  Creation of dynamic property Conexion::$database_central is deprecated in C:\xampp\htdocs\administracion\class\conexion.php on line 14
[29-Sep-2025 13:46:18 Europe/Berlin] PHP Deprecated:  Creation of dynamic property Conexion::$host_locales is deprecated in C:\xampp\htdocs\administracion\class\conexion.php on line 15
[29-Sep-2025 13:46:18 Europe/Berlin] PHP Deprecated:  Creation of dynamic property Conexion::$host_apps is deprecated in C:\xampp\htdocs\administracion\class\conexion.php on line 16
[29-Sep-2025 13:46:18 Europe/Berlin] PHP Deprecated:  Creation of dynamic property Conexion::$database_locales is deprecated in C:\xampp\htdocs\administracion\class\conexion.php on line 17
[29-Sep-2025 13:46:18 Europe/Berlin] PHP Deprecated:  Creation of dynamic property Conexion::$database_tangobis is deprecated in C:\xampp\htdocs\administracion\class\conexion.php on line 18
[29-Sep-2025 13:46:18 Europe/Berlin] PHP Deprecated:  Creation of dynamic property Conexion::$database_apps is deprecated in C:\xampp\htdocs\administracion\class\conexion.php on line 19
[29-Sep-2025 13:46:18 Europe/Berlin] PHP Deprecated:  Creation of dynamic property Conexion::$user is deprecated in C:\xampp\htdocs\administracion\class\conexion.php on line 20
[29-Sep-2025 13:46:18 Europe/Berlin] PHP Deprecated:  Creation of dynamic property Conexion::$pass is deprecated in C:\xampp\htdocs\administracion\class\conexion.php on line 21
[29-Sep-2025 13:46:18 Europe/Berlin] PHP Deprecated:  Creation of dynamic property Conexion::$pass_locales is deprecated in C:\xampp\htdocs\administracion\class\conexion.php on line 22
[29-Sep-2025 13:46:18 Europe/Berlin] PHP Deprecated:  Creation of dynamic property Conexion::$character is deprecated in C:\xampp\htdocs\administracion\class\conexion.php on line 23
[29-Sep-2025 13:46:18 Europe/Berlin] PHP Deprecated:  Creation of dynamic property Conexion::$env is deprecated in C:\xampp\htdocs\administracion\class\conexion.php on line 24
[29-Sep-2025 13:46:18 Europe/Berlin] PHP Deprecated:  Creation of dynamic property Conexion::$prefix is deprecated in C:\xampp\htdocs\administracion\class\conexion.php on line 25
[29-Sep-2025 13:46:18 Europe/Berlin] PHP Deprecated:  Creation of dynamic property Conexion::$envVars is deprecated in C:\xampp\htdocs\administracion\class\conexion.php on line 11
[29-Sep-2025 13:46:18 Europe/Berlin] PHP Deprecated:  Creation of dynamic property Conexion::$database_uy is deprecated in C:\xampp\htdocs\administracion\class\conexion.php on line 26
[29-Sep-2025 13:46:18 Europe/Berlin] PHP Deprecated:  Creation of dynamic property Conexion::$host_central is deprecated in C:\xampp\htdocs\administracion\class\conexion.php on line 13
[29-Sep-2025 13:46:18 Europe/Berlin] PHP Deprecated:  Creation of dynamic property Conexion::$envVars is deprecated in C:\xampp\htdocs\administracion\class\conexion.php on line 11
[29-Sep-2025 13:46:18 Europe/Berlin] PHP Deprecated:  Creation of dynamic property Conexion::$database_sucUy is deprecated in C:\xampp\htdocs\administracion\class\conexion.php on line 27
[29-Sep-2025 13:46:18 Europe/Berlin] PHP Deprecated:  Creation of dynamic property Conexion::$database_central is deprecated in C:\xampp\htdocs\administracion\class\conexion.php on line 14
[29-Sep-2025 13:46:18 Europe/Berlin] PHP Deprecated:  Creation of dynamic property Conexion::$host_central is deprecated in C:\xampp\htdocs\administracion\class\conexion.php on line 13
[29-Sep-2025 13:46:18 Europe/Berlin] PHP Deprecated:  Creation of dynamic property Conexion::$host_locales is deprecated in C:\xampp\htdocs\administracion\class\conexion.php on line 15
[29-Sep-2025 13:46:18 Europe/Berlin] Conexión a base de datos 'apps' establecida correctamente
[29-Sep-2025 13:46:18 Europe/Berlin] PHP Deprecated:  Creation of dynamic property Conexion::$envVars is deprecated in C:\xampp\htdocs\administracion\class\conexion.php on line 11
[29-Sep-2025 13:46:18 Europe/Berlin] PHP Deprecated:  Creation of dynamic property Conexion::$database_central is deprecated in C:\xampp\htdocs\administracion\class\conexion.php on line 14
[29-Sep-2025 13:46:18 Europe/Berlin] PHP Deprecated:  Creation of dynamic property Conexion::$host_apps is deprecated in C:\xampp\htdocs\administracion\class\conexion.php on line 16
[29-Sep-2025 13:46:18 Europe/Berlin] PHP Deprecated:  Creation of dynamic property Conexion::$host_central is deprecated in C:\xampp\htdocs\administracion\class\conexion.php on line 13
[29-Sep-2025 13:46:18 Europe/Berlin] PHP Deprecated:  Creation of dynamic property Conexion::$host_locales is deprecated in C:\xampp\htdocs\administracion\class\conexion.php on line 15
[29-Sep-2025 13:46:18 Europe/Berlin] PHP Deprecated:  Creation of dynamic property Conexion::$database_central is deprecated in C:\xampp\htdocs\administracion\class\conexion.php on line 14
[29-Sep-2025 13:46:18 Europe/Berlin] PHP Deprecated:  Creation of dynamic property Conexion::$database_locales is deprecated in C:\xampp\htdocs\administracion\class\conexion.php on line 17
[29-Sep-2025 13:46:18 Europe/Berlin] PHP Deprecated:  Creation of dynamic property Conexion::$host_apps is deprecated in C:\xampp\htdocs\administracion\class\conexion.php on line 16
[29-Sep-2025 13:46:18 Europe/Berlin] PHP Deprecated:  Creation of dynamic property Conexion::$host_locales is deprecated in C:\xampp\htdocs\administracion\class\conexion.php on line 15
[29-Sep-2025 13:46:18 Europe/Berlin] PHP Deprecated:  Creation of dynamic property Conexion::$database_locales is deprecated in C:\xampp\htdocs\administracion\class\conexion.php on line 17
[29-Sep-2025 13:46:18 Europe/Berlin] PHP Deprecated:  Creation of dynamic property Conexion::$database_tangobis is deprecated in C:\xampp\htdocs\administracion\class\conexion.php on line 18
[29-Sep-2025 13:46:18 Europe/Berlin] PHP Deprecated:  Creation of dynamic property Conexion::$host_apps is deprecated in C:\xampp\htdocs\administracion\class\conexion.php on line 16
[29-Sep-2025 13:46:18 Europe/Berlin] PHP Deprecated:  Creation of dynamic property Conexion::$database_apps is deprecated in C:\xampp\htdocs\administracion\class\conexion.php on line 19
[29-Sep-2025 13:46:18 Europe/Berlin] PHP Deprecated:  Creation of dynamic property Conexion::$database_tangobis is deprecated in C:\xampp\htdocs\administracion\class\conexion.php on line 18
[29-Sep-2025 13:46:18 Europe/Berlin] PHP Deprecated:  Creation of dynamic property Conexion::$database_locales is deprecated in C:\xampp\htdocs\administracion\class\conexion.php on line 17
[29-Sep-2025 13:46:18 Europe/Berlin] PHP Deprecated:  Creation of dynamic property Conexion::$user is deprecated in C:\xampp\htdocs\administracion\class\conexion.php on line 20
[29-Sep-2025 13:46:18 Europe/Berlin] PHP Deprecated:  Creation of dynamic property Conexion::$database_apps is deprecated in C:\xampp\htdocs\administracion\class\conexion.php on line 19
[29-Sep-2025 13:46:18 Europe/Berlin] PHP Deprecated:  Creation of dynamic property Conexion::$database_tangobis is deprecated in C:\xampp\htdocs\administracion\class\conexion.php on line 18
[29-Sep-2025 13:46:18 Europe/Berlin] PHP Deprecated:  Creation of dynamic property Conexion::$pass is deprecated in C:\xampp\htdocs\administracion\class\conexion.php on line 21
[29-Sep-2025 13:46:18 Europe/Berlin] PHP Deprecated:  Creation of dynamic property Conexion::$database_apps is deprecated in C:\xampp\htdocs\administracion\class\conexion.php on line 19
[29-Sep-2025 13:46:18 Europe/Berlin] PHP Deprecated:  Creation of dynamic property Conexion::$user is deprecated in C:\xampp\htdocs\administracion\class\conexion.php on line 20
[29-Sep-2025 13:46:18 Europe/Berlin] PHP Deprecated:  Creation of dynamic property Conexion::$pass_locales is deprecated in C:\xampp\htdocs\administracion\class\conexion.php on line 22
[29-Sep-2025 13:46:18 Europe/Berlin] PHP Deprecated:  Creation of dynamic property Conexion::$pass is deprecated in C:\xampp\htdocs\administracion\class\conexion.php on line 21
[29-Sep-2025 13:46:18 Europe/Berlin] PHP Deprecated:  Creation of dynamic property Conexion::$user is deprecated in C:\xampp\htdocs\administracion\class\conexion.php on line 20
[29-Sep-2025 13:46:18 Europe/Berlin] PHP Deprecated:  Creation of dynamic property Conexion::$character is deprecated in C:\xampp\htdocs\administracion\class\conexion.php on line 23
[29-Sep-2025 13:46:18 Europe/Berlin] PHP Deprecated:  Creation of dynamic property Conexion::$pass_locales is deprecated in C:\xampp\htdocs\administracion\class\conexion.php on line 22
[29-Sep-2025 13:46:18 Europe/Berlin] PHP Deprecated:  Creation of dynamic property Conexion::$pass is deprecated in C:\xampp\htdocs\administracion\class\conexion.php on line 21
[29-Sep-2025 13:46:18 Europe/Berlin] PHP Deprecated:  Creation of dynamic property Conexion::$env is deprecated in C:\xampp\htdocs\administracion\class\conexion.php on line 24
[29-Sep-2025 13:46:18 Europe/Berlin] PHP Deprecated:  Creation of dynamic property Conexion::$character is deprecated in C:\xampp\htdocs\administracion\class\conexion.php on line 23
[29-Sep-2025 13:46:18 Europe/Berlin] PHP Deprecated:  Creation of dynamic property Conexion::$pass_locales is deprecated in C:\xampp\htdocs\administracion\class\conexion.php on line 22
[29-Sep-2025 13:46:18 Europe/Berlin] PHP Deprecated:  Creation of dynamic property Conexion::$prefix is deprecated in C:\xampp\htdocs\administracion\class\conexion.php on line 25
[29-Sep-2025 13:46:18 Europe/Berlin] PHP Deprecated:  Creation of dynamic property Conexion::$env is deprecated in C:\xampp\htdocs\administracion\class\conexion.php on line 24
[29-Sep-2025 13:46:18 Europe/Berlin] PHP Deprecated:  Creation of dynamic property Conexion::$character is deprecated in C:\xampp\htdocs\administracion\class\conexion.php on line 23
[29-Sep-2025 13:46:18 Europe/Berlin] PHP Deprecated:  Creation of dynamic property Conexion::$database_uy is deprecated in C:\xampp\htdocs\administracion\class\conexion.php on line 26
[29-Sep-2025 13:46:18 Europe/Berlin] PHP Deprecated:  Creation of dynamic property Conexion::$prefix is deprecated in C:\xampp\htdocs\administracion\class\conexion.php on line 25
[29-Sep-2025 13:46:18 Europe/Berlin] PHP Deprecated:  Creation of dynamic property Conexion::$env is deprecated in C:\xampp\htdocs\administracion\class\conexion.php on line 24
[29-Sep-2025 13:46:18 Europe/Berlin] PHP Deprecated:  Creation of dynamic property Conexion::$database_sucUy is deprecated in C:\xampp\htdocs\administracion\class\conexion.php on line 27
[29-Sep-2025 13:46:18 Europe/Berlin] PHP Deprecated:  Creation of dynamic property Conexion::$database_uy is deprecated in C:\xampp\htdocs\administracion\class\conexion.php on line 26
[29-Sep-2025 13:46:18 Europe/Berlin] PHP Deprecated:  Creation of dynamic property Conexion::$prefix is deprecated in C:\xampp\htdocs\administracion\class\conexion.php on line 25
[29-Sep-2025 13:46:18 Europe/Berlin] Conexión a base de datos 'apps' establecida correctamente
[29-Sep-2025 13:46:18 Europe/Berlin] PHP Deprecated:  Creation of dynamic property Conexion::$database_sucUy is deprecated in C:\xampp\htdocs\administracion\class\conexion.php on line 27
[29-Sep-2025 13:46:18 Europe/Berlin] PHP Deprecated:  Creation of dynamic property Conexion::$database_uy is deprecated in C:\xampp\htdocs\administracion\class\conexion.php on line 26
[29-Sep-2025 13:46:18 Europe/Berlin] PHP Deprecated:  Creation of dynamic property Conexion::$database_sucUy is deprecated in C:\xampp\htdocs\administracion\class\conexion.php on line 27
[29-Sep-2025 13:46:18 Europe/Berlin] Conexión a base de datos 'apps' establecida correctamente
[29-Sep-2025 13:46:18 Europe/Berlin] Conexión a base de datos 'apps' establecida correctamente
[29-Sep-2025 13:46:18 Europe/Berlin] Acción solicitada: get_puestos
[29-Sep-2025 13:46:18 Europe/Berlin] Acción solicitada: get_sucursales_con_casa_central
[29-Sep-2025 13:46:18 Europe/Berlin] Acción solicitada: get_tipos_novedad
[29-Sep-2025 13:46:18 Europe/Berlin] Acción solicitada: get_tipo_usuario
[29-Sep-2025 13:46:18 Europe/Berlin] 🔧 DEBUG: Iniciando get_tipo_usuario
[29-Sep-2025 13:46:18 Europe/Berlin] ✅ DEBUG: Clase Usuario existe
[29-Sep-2025 13:46:18 Europe/Berlin] ✅ DEBUG: Método getTipoUsuario existe
[29-Sep-2025 13:46:18 Europe/Berlin] ✅ DEBUG: getTipoUsuario() retornó: 4
[29-Sep-2025 13:46:18 Europe/Berlin] ✅ DEBUG: Método esUsuarioRRHH existe
[29-Sep-2025 13:46:18 Europe/Berlin] ✅ DEBUG: esUsuarioRRHH() retornó: true
[29-Sep-2025 13:46:18 Europe/Berlin] ✅ DEBUG: Método getTipoUsuarioDescripcion existe
[29-Sep-2025 13:46:18 Europe/Berlin] ✅ DEBUG: getTipoUsuarioDescripcion() retornó: Recursos Humanos
[29-Sep-2025 13:46:18 Europe/Berlin] ✅ DEBUG: Todos los métodos funcionaron correctamente
[29-Sep-2025 13:46:18 Europe/Berlin] PHP Deprecated:  Creation of dynamic property Conexion::$envVars is deprecated in C:\xampp\htdocs\administracion\class\conexion.php on line 11
[29-Sep-2025 13:46:18 Europe/Berlin] PHP Deprecated:  Creation of dynamic property Conexion::$host_central is deprecated in C:\xampp\htdocs\administracion\class\conexion.php on line 13
[29-Sep-2025 13:46:18 Europe/Berlin] PHP Deprecated:  Creation of dynamic property Conexion::$database_central is deprecated in C:\xampp\htdocs\administracion\class\conexion.php on line 14
[29-Sep-2025 13:46:18 Europe/Berlin] PHP Deprecated:  Creation of dynamic property Conexion::$host_locales is deprecated in C:\xampp\htdocs\administracion\class\conexion.php on line 15
[29-Sep-2025 13:46:18 Europe/Berlin] PHP Deprecated:  Creation of dynamic property Conexion::$host_apps is deprecated in C:\xampp\htdocs\administracion\class\conexion.php on line 16
[29-Sep-2025 13:46:18 Europe/Berlin] PHP Deprecated:  Creation of dynamic property Conexion::$database_locales is deprecated in C:\xampp\htdocs\administracion\class\conexion.php on line 17
[29-Sep-2025 13:46:18 Europe/Berlin] PHP Deprecated:  Creation of dynamic property Conexion::$database_tangobis is deprecated in C:\xampp\htdocs\administracion\class\conexion.php on line 18
[29-Sep-2025 13:46:18 Europe/Berlin] PHP Deprecated:  Creation of dynamic property Conexion::$database_apps is deprecated in C:\xampp\htdocs\administracion\class\conexion.php on line 19
[29-Sep-2025 13:46:18 Europe/Berlin] PHP Deprecated:  Creation of dynamic property Conexion::$user is deprecated in C:\xampp\htdocs\administracion\class\conexion.php on line 20
[29-Sep-2025 13:46:18 Europe/Berlin] PHP Deprecated:  Creation of dynamic property Conexion::$pass is deprecated in C:\xampp\htdocs\administracion\class\conexion.php on line 21
[29-Sep-2025 13:46:18 Europe/Berlin] PHP Deprecated:  Creation of dynamic property Conexion::$pass_locales is deprecated in C:\xampp\htdocs\administracion\class\conexion.php on line 22
[29-Sep-2025 13:46:18 Europe/Berlin] PHP Deprecated:  Creation of dynamic property Conexion::$character is deprecated in C:\xampp\htdocs\administracion\class\conexion.php on line 23
[29-Sep-2025 13:46:18 Europe/Berlin] PHP Deprecated:  Creation of dynamic property Conexion::$env is deprecated in C:\xampp\htdocs\administracion\class\conexion.php on line 24
[29-Sep-2025 13:46:18 Europe/Berlin] PHP Deprecated:  Creation of dynamic property Conexion::$prefix is deprecated in C:\xampp\htdocs\administracion\class\conexion.php on line 25
[29-Sep-2025 13:46:18 Europe/Berlin] PHP Deprecated:  Creation of dynamic property Conexion::$database_uy is deprecated in C:\xampp\htdocs\administracion\class\conexion.php on line 26
[29-Sep-2025 13:46:18 Europe/Berlin] PHP Deprecated:  Creation of dynamic property Conexion::$database_sucUy is deprecated in C:\xampp\htdocs\administracion\class\conexion.php on line 27
[29-Sep-2025 13:46:18 Europe/Berlin] Conexión a base de datos 'apps' establecida correctamente
[29-Sep-2025 13:46:19 Europe/Berlin] Acción solicitada: test
[29-Sep-2025 13:46:19 Europe/Berlin] PHP Deprecated:  Creation of dynamic property Conexion::$envVars is deprecated in C:\xampp\htdocs\administracion\class\conexion.php on line 11
[29-Sep-2025 13:46:19 Europe/Berlin] PHP Deprecated:  Creation of dynamic property Conexion::$host_central is deprecated in C:\xampp\htdocs\administracion\class\conexion.php on line 13
[29-Sep-2025 13:46:19 Europe/Berlin] PHP Deprecated:  Creation of dynamic property Conexion::$database_central is deprecated in C:\xampp\htdocs\administracion\class\conexion.php on line 14
[29-Sep-2025 13:46:19 Europe/Berlin] PHP Deprecated:  Creation of dynamic property Conexion::$host_locales is deprecated in C:\xampp\htdocs\administracion\class\conexion.php on line 15
[29-Sep-2025 13:46:19 Europe/Berlin] PHP Deprecated:  Creation of dynamic property Conexion::$host_apps is deprecated in C:\xampp\htdocs\administracion\class\conexion.php on line 16
[29-Sep-2025 13:46:19 Europe/Berlin] PHP Deprecated:  Creation of dynamic property Conexion::$database_locales is deprecated in C:\xampp\htdocs\administracion\class\conexion.php on line 17
[29-Sep-2025 13:46:19 Europe/Berlin] PHP Deprecated:  Creation of dynamic property Conexion::$database_tangobis is deprecated in C:\xampp\htdocs\administracion\class\conexion.php on line 18
[29-Sep-2025 13:46:19 Europe/Berlin] PHP Deprecated:  Creation of dynamic property Conexion::$database_apps is deprecated in C:\xampp\htdocs\administracion\class\conexion.php on line 19
[29-Sep-2025 13:46:19 Europe/Berlin] PHP Deprecated:  Creation of dynamic property Conexion::$user is deprecated in C:\xampp\htdocs\administracion\class\conexion.php on line 20
[29-Sep-2025 13:46:19 Europe/Berlin] PHP Deprecated:  Creation of dynamic property Conexion::$pass is deprecated in C:\xampp\htdocs\administracion\class\conexion.php on line 21
[29-Sep-2025 13:46:19 Europe/Berlin] PHP Deprecated:  Creation of dynamic property Conexion::$pass_locales is deprecated in C:\xampp\htdocs\administracion\class\conexion.php on line 22
[29-Sep-2025 13:46:19 Europe/Berlin] PHP Deprecated:  Creation of dynamic property Conexion::$character is deprecated in C:\xampp\htdocs\administracion\class\conexion.php on line 23
[29-Sep-2025 13:46:19 Europe/Berlin] PHP Deprecated:  Creation of dynamic property Conexion::$env is deprecated in C:\xampp\htdocs\administracion\class\conexion.php on line 24
[29-Sep-2025 13:46:19 Europe/Berlin] PHP Deprecated:  Creation of dynamic property Conexion::$prefix is deprecated in C:\xampp\htdocs\administracion\class\conexion.php on line 25
[29-Sep-2025 13:46:19 Europe/Berlin] PHP Deprecated:  Creation of dynamic property Conexion::$database_uy is deprecated in C:\xampp\htdocs\administracion\class\conexion.php on line 26
[29-Sep-2025 13:46:19 Europe/Berlin] PHP Deprecated:  Creation of dynamic property Conexion::$database_sucUy is deprecated in C:\xampp\htdocs\administracion\class\conexion.php on line 27
[29-Sep-2025 13:46:19 Europe/Berlin] Conexión a base de datos 'apps' establecida correctamente
[29-Sep-2025 13:46:19 Europe/Berlin] Acción solicitada: get_tipos_novedad
[29-Sep-2025 13:46:19 Europe/Berlin] PHP Deprecated:  Creation of dynamic property Conexion::$envVars is deprecated in C:\xampp\htdocs\administracion\class\conexion.php on line 11
[29-Sep-2025 13:46:19 Europe/Berlin] PHP Deprecated:  Creation of dynamic property Conexion::$host_central is deprecated in C:\xampp\htdocs\administracion\class\conexion.php on line 13
[29-Sep-2025 13:46:19 Europe/Berlin] PHP Deprecated:  Creation of dynamic property Conexion::$database_central is deprecated in C:\xampp\htdocs\administracion\class\conexion.php on line 14
[29-Sep-2025 13:46:19 Europe/Berlin] PHP Deprecated:  Creation of dynamic property Conexion::$host_locales is deprecated in C:\xampp\htdocs\administracion\class\conexion.php on line 15
[29-Sep-2025 13:46:19 Europe/Berlin] PHP Deprecated:  Creation of dynamic property Conexion::$host_apps is deprecated in C:\xampp\htdocs\administracion\class\conexion.php on line 16
[29-Sep-2025 13:46:19 Europe/Berlin] PHP Deprecated:  Creation of dynamic property Conexion::$database_locales is deprecated in C:\xampp\htdocs\administracion\class\conexion.php on line 17
[29-Sep-2025 13:46:19 Europe/Berlin] PHP Deprecated:  Creation of dynamic property Conexion::$database_tangobis is deprecated in C:\xampp\htdocs\administracion\class\conexion.php on line 18
[29-Sep-2025 13:46:19 Europe/Berlin] PHP Deprecated:  Creation of dynamic property Conexion::$database_apps is deprecated in C:\xampp\htdocs\administracion\class\conexion.php on line 19
[29-Sep-2025 13:46:19 Europe/Berlin] PHP Deprecated:  Creation of dynamic property Conexion::$user is deprecated in C:\xampp\htdocs\administracion\class\conexion.php on line 20
[29-Sep-2025 13:46:19 Europe/Berlin] PHP Deprecated:  Creation of dynamic property Conexion::$pass is deprecated in C:\xampp\htdocs\administracion\class\conexion.php on line 21
[29-Sep-2025 13:46:19 Europe/Berlin] PHP Deprecated:  Creation of dynamic property Conexion::$pass_locales is deprecated in C:\xampp\htdocs\administracion\class\conexion.php on line 22
[29-Sep-2025 13:46:19 Europe/Berlin] PHP Deprecated:  Creation of dynamic property Conexion::$character is deprecated in C:\xampp\htdocs\administracion\class\conexion.php on line 23
[29-Sep-2025 13:46:19 Europe/Berlin] PHP Deprecated:  Creation of dynamic property Conexion::$env is deprecated in C:\xampp\htdocs\administracion\class\conexion.php on line 24
[29-Sep-2025 13:46:19 Europe/Berlin] PHP Deprecated:  Creation of dynamic property Conexion::$prefix is deprecated in C:\xampp\htdocs\administracion\class\conexion.php on line 25
[29-Sep-2025 13:46:19 Europe/Berlin] PHP Deprecated:  Creation of dynamic property Conexion::$database_uy is deprecated in C:\xampp\htdocs\administracion\class\conexion.php on line 26
[29-Sep-2025 13:46:19 Europe/Berlin] PHP Deprecated:  Creation of dynamic property Conexion::$database_sucUy is deprecated in C:\xampp\htdocs\administracion\class\conexion.php on line 27
[29-Sep-2025 13:46:19 Europe/Berlin] Conexión a base de datos 'apps' establecida correctamente
[29-Sep-2025 13:46:19 Europe/Berlin] Acción solicitada: get_centros_costos
[29-Sep-2025 13:46:19 Europe/Berlin] PHP Deprecated:  Creation of dynamic property Conexion::$envVars is deprecated in C:\xampp\htdocs\administracion\class\conexion.php on line 11
[29-Sep-2025 13:46:19 Europe/Berlin] PHP Deprecated:  Creation of dynamic property Conexion::$host_central is deprecated in C:\xampp\htdocs\administracion\class\conexion.php on line 13
[29-Sep-2025 13:46:19 Europe/Berlin] PHP Deprecated:  Creation of dynamic property Conexion::$database_central is deprecated in C:\xampp\htdocs\administracion\class\conexion.php on line 14
[29-Sep-2025 13:46:19 Europe/Berlin] PHP Deprecated:  Creation of dynamic property Conexion::$host_locales is deprecated in C:\xampp\htdocs\administracion\class\conexion.php on line 15
[29-Sep-2025 13:46:19 Europe/Berlin] PHP Deprecated:  Creation of dynamic property Conexion::$host_apps is deprecated in C:\xampp\htdocs\administracion\class\conexion.php on line 16
[29-Sep-2025 13:46:19 Europe/Berlin] PHP Deprecated:  Creation of dynamic property Conexion::$database_locales is deprecated in C:\xampp\htdocs\administracion\class\conexion.php on line 17
[29-Sep-2025 13:46:19 Europe/Berlin] PHP Deprecated:  Creation of dynamic property Conexion::$database_tangobis is deprecated in C:\xampp\htdocs\administracion\class\conexion.php on line 18
[29-Sep-2025 13:46:19 Europe/Berlin] PHP Deprecated:  Creation of dynamic property Conexion::$database_apps is deprecated in C:\xampp\htdocs\administracion\class\conexion.php on line 19
[29-Sep-2025 13:46:19 Europe/Berlin] PHP Deprecated:  Creation of dynamic property Conexion::$user is deprecated in C:\xampp\htdocs\administracion\class\conexion.php on line 20
[29-Sep-2025 13:46:19 Europe/Berlin] PHP Deprecated:  Creation of dynamic property Conexion::$pass is deprecated in C:\xampp\htdocs\administracion\class\conexion.php on line 21
[29-Sep-2025 13:46:19 Europe/Berlin] PHP Deprecated:  Creation of dynamic property Conexion::$pass_locales is deprecated in C:\xampp\htdocs\administracion\class\conexion.php on line 22
[29-Sep-2025 13:46:19 Europe/Berlin] PHP Deprecated:  Creation of dynamic property Conexion::$character is deprecated in C:\xampp\htdocs\administracion\class\conexion.php on line 23
[29-Sep-2025 13:46:19 Europe/Berlin] PHP Deprecated:  Creation of dynamic property Conexion::$env is deprecated in C:\xampp\htdocs\administracion\class\conexion.php on line 24
[29-Sep-2025 13:46:19 Europe/Berlin] PHP Deprecated:  Creation of dynamic property Conexion::$prefix is deprecated in C:\xampp\htdocs\administracion\class\conexion.php on line 25
[29-Sep-2025 13:46:19 Europe/Berlin] PHP Deprecated:  Creation of dynamic property Conexion::$database_uy is deprecated in C:\xampp\htdocs\administracion\class\conexion.php on line 26
[29-Sep-2025 13:46:19 Europe/Berlin] PHP Deprecated:  Creation of dynamic property Conexion::$database_sucUy is deprecated in C:\xampp\htdocs\administracion\class\conexion.php on line 27
[29-Sep-2025 13:46:19 Europe/Berlin] Conexión a base de datos 'apps' establecida correctamente
[29-Sep-2025 13:46:19 Europe/Berlin] Acción solicitada: get_centros_costos
[29-Sep-2025 13:46:19 Europe/Berlin] PHP Deprecated:  Creation of dynamic property Conexion::$envVars is deprecated in C:\xampp\htdocs\administracion\class\conexion.php on line 11
[29-Sep-2025 13:46:19 Europe/Berlin] PHP Deprecated:  Creation of dynamic property Conexion::$host_central is deprecated in C:\xampp\htdocs\administracion\class\conexion.php on line 13
[29-Sep-2025 13:46:19 Europe/Berlin] PHP Deprecated:  Creation of dynamic property Conexion::$database_central is deprecated in C:\xampp\htdocs\administracion\class\conexion.php on line 14
[29-Sep-2025 13:46:19 Europe/Berlin] PHP Deprecated:  Creation of dynamic property Conexion::$host_locales is deprecated in C:\xampp\htdocs\administracion\class\conexion.php on line 15
[29-Sep-2025 13:46:19 Europe/Berlin] PHP Deprecated:  Creation of dynamic property Conexion::$host_apps is deprecated in C:\xampp\htdocs\administracion\class\conexion.php on line 16
[29-Sep-2025 13:46:19 Europe/Berlin] PHP Deprecated:  Creation of dynamic property Conexion::$database_locales is deprecated in C:\xampp\htdocs\administracion\class\conexion.php on line 17
[29-Sep-2025 13:46:19 Europe/Berlin] PHP Deprecated:  Creation of dynamic property Conexion::$database_tangobis is deprecated in C:\xampp\htdocs\administracion\class\conexion.php on line 18
[29-Sep-2025 13:46:19 Europe/Berlin] PHP Deprecated:  Creation of dynamic property Conexion::$database_apps is deprecated in C:\xampp\htdocs\administracion\class\conexion.php on line 19
[29-Sep-2025 13:46:19 Europe/Berlin] PHP Deprecated:  Creation of dynamic property Conexion::$user is deprecated in C:\xampp\htdocs\administracion\class\conexion.php on line 20
[29-Sep-2025 13:46:19 Europe/Berlin] PHP Deprecated:  Creation of dynamic property Conexion::$pass is deprecated in C:\xampp\htdocs\administracion\class\conexion.php on line 21
[29-Sep-2025 13:46:19 Europe/Berlin] PHP Deprecated:  Creation of dynamic property Conexion::$pass_locales is deprecated in C:\xampp\htdocs\administracion\class\conexion.php on line 22
[29-Sep-2025 13:46:19 Europe/Berlin] PHP Deprecated:  Creation of dynamic property Conexion::$character is deprecated in C:\xampp\htdocs\administracion\class\conexion.php on line 23
[29-Sep-2025 13:46:19 Europe/Berlin] PHP Deprecated:  Creation of dynamic property Conexion::$env is deprecated in C:\xampp\htdocs\administracion\class\conexion.php on line 24
[29-Sep-2025 13:46:19 Europe/Berlin] PHP Deprecated:  Creation of dynamic property Conexion::$prefix is deprecated in C:\xampp\htdocs\administracion\class\conexion.php on line 25
[29-Sep-2025 13:46:19 Europe/Berlin] PHP Deprecated:  Creation of dynamic property Conexion::$database_uy is deprecated in C:\xampp\htdocs\administracion\class\conexion.php on line 26
[29-Sep-2025 13:46:19 Europe/Berlin] PHP Deprecated:  Creation of dynamic property Conexion::$database_sucUy is deprecated in C:\xampp\htdocs\administracion\class\conexion.php on line 27
[29-Sep-2025 13:46:19 Europe/Berlin] Conexión a base de datos 'apps' establecida correctamente
[29-Sep-2025 13:46:19 Europe/Berlin] Acción solicitada: get_tipos_novedad
[29-Sep-2025 13:46:21 Europe/Berlin] PHP Deprecated:  Creation of dynamic property Conexion::$envVars is deprecated in C:\xampp\htdocs\administracion\class\conexion.php on line 11
[29-Sep-2025 13:46:21 Europe/Berlin] PHP Deprecated:  Creation of dynamic property Conexion::$host_central is deprecated in C:\xampp\htdocs\administracion\class\conexion.php on line 13
[29-Sep-2025 13:46:21 Europe/Berlin] PHP Deprecated:  Creation of dynamic property Conexion::$database_central is deprecated in C:\xampp\htdocs\administracion\class\conexion.php on line 14
[29-Sep-2025 13:46:21 Europe/Berlin] PHP Deprecated:  Creation of dynamic property Conexion::$host_locales is deprecated in C:\xampp\htdocs\administracion\class\conexion.php on line 15
[29-Sep-2025 13:46:21 Europe/Berlin] PHP Deprecated:  Creation of dynamic property Conexion::$host_apps is deprecated in C:\xampp\htdocs\administracion\class\conexion.php on line 16
[29-Sep-2025 13:46:21 Europe/Berlin] PHP Deprecated:  Creation of dynamic property Conexion::$database_locales is deprecated in C:\xampp\htdocs\administracion\class\conexion.php on line 17
[29-Sep-2025 13:46:21 Europe/Berlin] PHP Deprecated:  Creation of dynamic property Conexion::$database_tangobis is deprecated in C:\xampp\htdocs\administracion\class\conexion.php on line 18
[29-Sep-2025 13:46:21 Europe/Berlin] PHP Deprecated:  Creation of dynamic property Conexion::$envVars is deprecated in C:\xampp\htdocs\administracion\class\conexion.php on line 11
[29-Sep-2025 13:46:21 Europe/Berlin] PHP Deprecated:  Creation of dynamic property Conexion::$database_apps is deprecated in C:\xampp\htdocs\administracion\class\conexion.php on line 19
[29-Sep-2025 13:46:21 Europe/Berlin] PHP Deprecated:  Creation of dynamic property Conexion::$host_central is deprecated in C:\xampp\htdocs\administracion\class\conexion.php on line 13
[29-Sep-2025 13:46:21 Europe/Berlin] PHP Deprecated:  Creation of dynamic property Conexion::$user is deprecated in C:\xampp\htdocs\administracion\class\conexion.php on line 20
[29-Sep-2025 13:46:21 Europe/Berlin] PHP Deprecated:  Creation of dynamic property Conexion::$database_central is deprecated in C:\xampp\htdocs\administracion\class\conexion.php on line 14
[29-Sep-2025 13:46:21 Europe/Berlin] PHP Deprecated:  Creation of dynamic property Conexion::$envVars is deprecated in C:\xampp\htdocs\administracion\class\conexion.php on line 11
[29-Sep-2025 13:46:21 Europe/Berlin] PHP Deprecated:  Creation of dynamic property Conexion::$pass is deprecated in C:\xampp\htdocs\administracion\class\conexion.php on line 21
[29-Sep-2025 13:46:21 Europe/Berlin] PHP Deprecated:  Creation of dynamic property Conexion::$host_locales is deprecated in C:\xampp\htdocs\administracion\class\conexion.php on line 15
[29-Sep-2025 13:46:21 Europe/Berlin] PHP Deprecated:  Creation of dynamic property Conexion::$pass_locales is deprecated in C:\xampp\htdocs\administracion\class\conexion.php on line 22
[29-Sep-2025 13:46:21 Europe/Berlin] PHP Deprecated:  Creation of dynamic property Conexion::$host_central is deprecated in C:\xampp\htdocs\administracion\class\conexion.php on line 13
[29-Sep-2025 13:46:21 Europe/Berlin] PHP Deprecated:  Creation of dynamic property Conexion::$host_apps is deprecated in C:\xampp\htdocs\administracion\class\conexion.php on line 16
[29-Sep-2025 13:46:21 Europe/Berlin] PHP Deprecated:  Creation of dynamic property Conexion::$character is deprecated in C:\xampp\htdocs\administracion\class\conexion.php on line 23
[29-Sep-2025 13:46:21 Europe/Berlin] PHP Deprecated:  Creation of dynamic property Conexion::$database_central is deprecated in C:\xampp\htdocs\administracion\class\conexion.php on line 14
[29-Sep-2025 13:46:21 Europe/Berlin] PHP Deprecated:  Creation of dynamic property Conexion::$database_locales is deprecated in C:\xampp\htdocs\administracion\class\conexion.php on line 17
[29-Sep-2025 13:46:21 Europe/Berlin] PHP Deprecated:  Creation of dynamic property Conexion::$env is deprecated in C:\xampp\htdocs\administracion\class\conexion.php on line 24
[29-Sep-2025 13:46:21 Europe/Berlin] PHP Deprecated:  Creation of dynamic property Conexion::$host_locales is deprecated in C:\xampp\htdocs\administracion\class\conexion.php on line 15
[29-Sep-2025 13:46:21 Europe/Berlin] PHP Deprecated:  Creation of dynamic property Conexion::$database_tangobis is deprecated in C:\xampp\htdocs\administracion\class\conexion.php on line 18
[29-Sep-2025 13:46:21 Europe/Berlin] PHP Deprecated:  Creation of dynamic property Conexion::$prefix is deprecated in C:\xampp\htdocs\administracion\class\conexion.php on line 25
[29-Sep-2025 13:46:21 Europe/Berlin] PHP Deprecated:  Creation of dynamic property Conexion::$host_apps is deprecated in C:\xampp\htdocs\administracion\class\conexion.php on line 16
[29-Sep-2025 13:46:21 Europe/Berlin] PHP Deprecated:  Creation of dynamic property Conexion::$database_apps is deprecated in C:\xampp\htdocs\administracion\class\conexion.php on line 19
[29-Sep-2025 13:46:21 Europe/Berlin] PHP Deprecated:  Creation of dynamic property Conexion::$database_uy is deprecated in C:\xampp\htdocs\administracion\class\conexion.php on line 26
[29-Sep-2025 13:46:21 Europe/Berlin] PHP Deprecated:  Creation of dynamic property Conexion::$database_locales is deprecated in C:\xampp\htdocs\administracion\class\conexion.php on line 17
[29-Sep-2025 13:46:21 Europe/Berlin] PHP Deprecated:  Creation of dynamic property Conexion::$user is deprecated in C:\xampp\htdocs\administracion\class\conexion.php on line 20
[29-Sep-2025 13:46:21 Europe/Berlin] PHP Deprecated:  Creation of dynamic property Conexion::$database_sucUy is deprecated in C:\xampp\htdocs\administracion\class\conexion.php on line 27
[29-Sep-2025 13:46:21 Europe/Berlin] PHP Deprecated:  Creation of dynamic property Conexion::$database_tangobis is deprecated in C:\xampp\htdocs\administracion\class\conexion.php on line 18
[29-Sep-2025 13:46:21 Europe/Berlin] PHP Deprecated:  Creation of dynamic property Conexion::$pass is deprecated in C:\xampp\htdocs\administracion\class\conexion.php on line 21
[29-Sep-2025 13:46:21 Europe/Berlin] Conexión a base de datos 'apps' establecida correctamente
[29-Sep-2025 13:46:21 Europe/Berlin] PHP Deprecated:  Creation of dynamic property Conexion::$database_apps is deprecated in C:\xampp\htdocs\administracion\class\conexion.php on line 19
[29-Sep-2025 13:46:21 Europe/Berlin] PHP Deprecated:  Creation of dynamic property Conexion::$pass_locales is deprecated in C:\xampp\htdocs\administracion\class\conexion.php on line 22
[29-Sep-2025 13:46:21 Europe/Berlin] PHP Deprecated:  Creation of dynamic property Conexion::$user is deprecated in C:\xampp\htdocs\administracion\class\conexion.php on line 20
[29-Sep-2025 13:46:21 Europe/Berlin] PHP Deprecated:  Creation of dynamic property Conexion::$character is deprecated in C:\xampp\htdocs\administracion\class\conexion.php on line 23
[29-Sep-2025 13:46:21 Europe/Berlin] PHP Deprecated:  Creation of dynamic property Conexion::$pass is deprecated in C:\xampp\htdocs\administracion\class\conexion.php on line 21
[29-Sep-2025 13:46:21 Europe/Berlin] PHP Deprecated:  Creation of dynamic property Conexion::$env is deprecated in C:\xampp\htdocs\administracion\class\conexion.php on line 24
[29-Sep-2025 13:46:21 Europe/Berlin] PHP Deprecated:  Creation of dynamic property Conexion::$pass_locales is deprecated in C:\xampp\htdocs\administracion\class\conexion.php on line 22
[29-Sep-2025 13:46:21 Europe/Berlin] PHP Deprecated:  Creation of dynamic property Conexion::$character is deprecated in C:\xampp\htdocs\administracion\class\conexion.php on line 23
[29-Sep-2025 13:46:21 Europe/Berlin] PHP Deprecated:  Creation of dynamic property Conexion::$prefix is deprecated in C:\xampp\htdocs\administracion\class\conexion.php on line 25
[29-Sep-2025 13:46:21 Europe/Berlin] PHP Deprecated:  Creation of dynamic property Conexion::$env is deprecated in C:\xampp\htdocs\administracion\class\conexion.php on line 24
[29-Sep-2025 13:46:21 Europe/Berlin] PHP Deprecated:  Creation of dynamic property Conexion::$database_uy is deprecated in C:\xampp\htdocs\administracion\class\conexion.php on line 26
[29-Sep-2025 13:46:21 Europe/Berlin] PHP Deprecated:  Creation of dynamic property Conexion::$prefix is deprecated in C:\xampp\htdocs\administracion\class\conexion.php on line 25
[29-Sep-2025 13:46:21 Europe/Berlin] PHP Deprecated:  Creation of dynamic property Conexion::$database_sucUy is deprecated in C:\xampp\htdocs\administracion\class\conexion.php on line 27
[29-Sep-2025 13:46:21 Europe/Berlin] PHP Deprecated:  Creation of dynamic property Conexion::$database_uy is deprecated in C:\xampp\htdocs\administracion\class\conexion.php on line 26
[29-Sep-2025 13:46:21 Europe/Berlin] PHP Deprecated:  Creation of dynamic property Conexion::$database_sucUy is deprecated in C:\xampp\htdocs\administracion\class\conexion.php on line 27
[29-Sep-2025 13:46:21 Europe/Berlin] Conexión a base de datos 'apps' establecida correctamente
[29-Sep-2025 13:46:21 Europe/Berlin] Conexión a base de datos 'apps' establecida correctamente
[29-Sep-2025 13:46:21 Europe/Berlin] Acción solicitada: get_centros_costos
[29-Sep-2025 13:46:21 Europe/Berlin] Acción solicitada: get_tipo_usuario
[29-Sep-2025 13:46:21 Europe/Berlin] 🔧 DEBUG: Iniciando get_tipo_usuario
[29-Sep-2025 13:46:21 Europe/Berlin] ✅ DEBUG: Clase Usuario existe
[29-Sep-2025 13:46:21 Europe/Berlin] ✅ DEBUG: Método getTipoUsuario existe
[29-Sep-2025 13:46:21 Europe/Berlin] ✅ DEBUG: getTipoUsuario() retornó: 4
[29-Sep-2025 13:46:21 Europe/Berlin] ✅ DEBUG: Método esUsuarioRRHH existe
[29-Sep-2025 13:46:21 Europe/Berlin] ✅ DEBUG: esUsuarioRRHH() retornó: true
[29-Sep-2025 13:46:21 Europe/Berlin] ✅ DEBUG: Método getTipoUsuarioDescripcion existe
[29-Sep-2025 13:46:21 Europe/Berlin] ✅ DEBUG: getTipoUsuarioDescripcion() retornó: Recursos Humanos
[29-Sep-2025 13:46:21 Europe/Berlin] ✅ DEBUG: Todos los métodos funcionaron correctamente
[29-Sep-2025 13:46:21 Europe/Berlin] Acción solicitada: get_all_novedades
[29-Sep-2025 13:46:21 Europe/Berlin] PHP Deprecated:  Creation of dynamic property Conexion::$envVars is deprecated in C:\xampp\htdocs\administracion\class\conexion.php on line 11
[29-Sep-2025 13:46:21 Europe/Berlin] PHP Deprecated:  Creation of dynamic property Conexion::$host_central is deprecated in C:\xampp\htdocs\administracion\class\conexion.php on line 13
[29-Sep-2025 13:46:21 Europe/Berlin] PHP Deprecated:  Creation of dynamic property Conexion::$database_central is deprecated in C:\xampp\htdocs\administracion\class\conexion.php on line 14
[29-Sep-2025 13:46:21 Europe/Berlin] PHP Deprecated:  Creation of dynamic property Conexion::$host_locales is deprecated in C:\xampp\htdocs\administracion\class\conexion.php on line 15
[29-Sep-2025 13:46:21 Europe/Berlin] PHP Deprecated:  Creation of dynamic property Conexion::$host_apps is deprecated in C:\xampp\htdocs\administracion\class\conexion.php on line 16
[29-Sep-2025 13:46:21 Europe/Berlin] PHP Deprecated:  Creation of dynamic property Conexion::$database_locales is deprecated in C:\xampp\htdocs\administracion\class\conexion.php on line 17
[29-Sep-2025 13:46:21 Europe/Berlin] PHP Deprecated:  Creation of dynamic property Conexion::$database_tangobis is deprecated in C:\xampp\htdocs\administracion\class\conexion.php on line 18
[29-Sep-2025 13:46:21 Europe/Berlin] PHP Deprecated:  Creation of dynamic property Conexion::$database_apps is deprecated in C:\xampp\htdocs\administracion\class\conexion.php on line 19
[29-Sep-2025 13:46:21 Europe/Berlin] PHP Deprecated:  Creation of dynamic property Conexion::$user is deprecated in C:\xampp\htdocs\administracion\class\conexion.php on line 20
[29-Sep-2025 13:46:21 Europe/Berlin] PHP Deprecated:  Creation of dynamic property Conexion::$pass is deprecated in C:\xampp\htdocs\administracion\class\conexion.php on line 21
[29-Sep-2025 13:46:21 Europe/Berlin] PHP Deprecated:  Creation of dynamic property Conexion::$pass_locales is deprecated in C:\xampp\htdocs\administracion\class\conexion.php on line 22
[29-Sep-2025 13:46:21 Europe/Berlin] PHP Deprecated:  Creation of dynamic property Conexion::$character is deprecated in C:\xampp\htdocs\administracion\class\conexion.php on line 23
[29-Sep-2025 13:46:21 Europe/Berlin] PHP Deprecated:  Creation of dynamic property Conexion::$env is deprecated in C:\xampp\htdocs\administracion\class\conexion.php on line 24
[29-Sep-2025 13:46:21 Europe/Berlin] PHP Deprecated:  Creation of dynamic property Conexion::$prefix is deprecated in C:\xampp\htdocs\administracion\class\conexion.php on line 25
[29-Sep-2025 13:46:21 Europe/Berlin] PHP Deprecated:  Creation of dynamic property Conexion::$database_uy is deprecated in C:\xampp\htdocs\administracion\class\conexion.php on line 26
[29-Sep-2025 13:46:21 Europe/Berlin] PHP Deprecated:  Creation of dynamic property Conexion::$database_sucUy is deprecated in C:\xampp\htdocs\administracion\class\conexion.php on line 27
[29-Sep-2025 13:46:21 Europe/Berlin] Conexión a base de datos 'apps' establecida correctamente
[29-Sep-2025 13:46:21 Europe/Berlin] PHP Deprecated:  Creation of dynamic property Conexion::$envVars is deprecated in C:\xampp\htdocs\administracion\class\conexion.php on line 11
[29-Sep-2025 13:46:21 Europe/Berlin] PHP Deprecated:  Creation of dynamic property Conexion::$host_central is deprecated in C:\xampp\htdocs\administracion\class\conexion.php on line 13
[29-Sep-2025 13:46:21 Europe/Berlin] PHP Deprecated:  Creation of dynamic property Conexion::$database_central is deprecated in C:\xampp\htdocs\administracion\class\conexion.php on line 14
[29-Sep-2025 13:46:21 Europe/Berlin] PHP Deprecated:  Creation of dynamic property Conexion::$host_locales is deprecated in C:\xampp\htdocs\administracion\class\conexion.php on line 15
[29-Sep-2025 13:46:21 Europe/Berlin] PHP Deprecated:  Creation of dynamic property Conexion::$host_apps is deprecated in C:\xampp\htdocs\administracion\class\conexion.php on line 16
[29-Sep-2025 13:46:21 Europe/Berlin] PHP Deprecated:  Creation of dynamic property Conexion::$database_locales is deprecated in C:\xampp\htdocs\administracion\class\conexion.php on line 17
[29-Sep-2025 13:46:21 Europe/Berlin] PHP Deprecated:  Creation of dynamic property Conexion::$database_tangobis is deprecated in C:\xampp\htdocs\administracion\class\conexion.php on line 18
[29-Sep-2025 13:46:21 Europe/Berlin] PHP Deprecated:  Creation of dynamic property Conexion::$database_apps is deprecated in C:\xampp\htdocs\administracion\class\conexion.php on line 19
[29-Sep-2025 13:46:21 Europe/Berlin] PHP Deprecated:  Creation of dynamic property Conexion::$user is deprecated in C:\xampp\htdocs\administracion\class\conexion.php on line 20
[29-Sep-2025 13:46:21 Europe/Berlin] PHP Deprecated:  Creation of dynamic property Conexion::$pass is deprecated in C:\xampp\htdocs\administracion\class\conexion.php on line 21
[29-Sep-2025 13:46:21 Europe/Berlin] PHP Deprecated:  Creation of dynamic property Conexion::$pass_locales is deprecated in C:\xampp\htdocs\administracion\class\conexion.php on line 22
[29-Sep-2025 13:46:21 Europe/Berlin] PHP Deprecated:  Creation of dynamic property Conexion::$character is deprecated in C:\xampp\htdocs\administracion\class\conexion.php on line 23
[29-Sep-2025 13:46:21 Europe/Berlin] PHP Deprecated:  Creation of dynamic property Conexion::$env is deprecated in C:\xampp\htdocs\administracion\class\conexion.php on line 24
[29-Sep-2025 13:46:21 Europe/Berlin] PHP Deprecated:  Creation of dynamic property Conexion::$prefix is deprecated in C:\xampp\htdocs\administracion\class\conexion.php on line 25
[29-Sep-2025 13:46:21 Europe/Berlin] PHP Deprecated:  Creation of dynamic property Conexion::$database_uy is deprecated in C:\xampp\htdocs\administracion\class\conexion.php on line 26
[29-Sep-2025 13:46:21 Europe/Berlin] PHP Deprecated:  Creation of dynamic property Conexion::$database_sucUy is deprecated in C:\xampp\htdocs\administracion\class\conexion.php on line 27
[29-Sep-2025 13:46:21 Europe/Berlin] Conexión a base de datos 'apps' establecida correctamente
[29-Sep-2025 13:46:21 Europe/Berlin] Acción solicitada: get_tipos_novedad
[29-Sep-2025 13:46:21 Europe/Berlin] Acción solicitada: test
[29-Sep-2025 13:46:21 Europe/Berlin] PHP Deprecated:  Creation of dynamic property Conexion::$envVars is deprecated in C:\xampp\htdocs\administracion\class\conexion.php on line 11
[29-Sep-2025 13:46:21 Europe/Berlin] PHP Deprecated:  Creation of dynamic property Conexion::$host_central is deprecated in C:\xampp\htdocs\administracion\class\conexion.php on line 13
[29-Sep-2025 13:46:21 Europe/Berlin] PHP Deprecated:  Creation of dynamic property Conexion::$database_central is deprecated in C:\xampp\htdocs\administracion\class\conexion.php on line 14
[29-Sep-2025 13:46:21 Europe/Berlin] PHP Deprecated:  Creation of dynamic property Conexion::$host_locales is deprecated in C:\xampp\htdocs\administracion\class\conexion.php on line 15
[29-Sep-2025 13:46:21 Europe/Berlin] PHP Deprecated:  Creation of dynamic property Conexion::$host_apps is deprecated in C:\xampp\htdocs\administracion\class\conexion.php on line 16
[29-Sep-2025 13:46:21 Europe/Berlin] PHP Deprecated:  Creation of dynamic property Conexion::$database_locales is deprecated in C:\xampp\htdocs\administracion\class\conexion.php on line 17
[29-Sep-2025 13:46:21 Europe/Berlin] PHP Deprecated:  Creation of dynamic property Conexion::$database_tangobis is deprecated in C:\xampp\htdocs\administracion\class\conexion.php on line 18
[29-Sep-2025 13:46:21 Europe/Berlin] PHP Deprecated:  Creation of dynamic property Conexion::$database_apps is deprecated in C:\xampp\htdocs\administracion\class\conexion.php on line 19
[29-Sep-2025 13:46:21 Europe/Berlin] PHP Deprecated:  Creation of dynamic property Conexion::$user is deprecated in C:\xampp\htdocs\administracion\class\conexion.php on line 20
[29-Sep-2025 13:46:21 Europe/Berlin] PHP Deprecated:  Creation of dynamic property Conexion::$pass is deprecated in C:\xampp\htdocs\administracion\class\conexion.php on line 21
[29-Sep-2025 13:46:21 Europe/Berlin] PHP Deprecated:  Creation of dynamic property Conexion::$pass_locales is deprecated in C:\xampp\htdocs\administracion\class\conexion.php on line 22
[29-Sep-2025 13:46:21 Europe/Berlin] PHP Deprecated:  Creation of dynamic property Conexion::$character is deprecated in C:\xampp\htdocs\administracion\class\conexion.php on line 23
[29-Sep-2025 13:46:21 Europe/Berlin] PHP Deprecated:  Creation of dynamic property Conexion::$env is deprecated in C:\xampp\htdocs\administracion\class\conexion.php on line 24
[29-Sep-2025 13:46:21 Europe/Berlin] PHP Deprecated:  Creation of dynamic property Conexion::$prefix is deprecated in C:\xampp\htdocs\administracion\class\conexion.php on line 25
[29-Sep-2025 13:46:21 Europe/Berlin] PHP Deprecated:  Creation of dynamic property Conexion::$database_uy is deprecated in C:\xampp\htdocs\administracion\class\conexion.php on line 26
[29-Sep-2025 13:46:21 Europe/Berlin] PHP Deprecated:  Creation of dynamic property Conexion::$database_sucUy is deprecated in C:\xampp\htdocs\administracion\class\conexion.php on line 27
[29-Sep-2025 13:46:21 Europe/Berlin] Conexión a base de datos 'apps' establecida correctamente
[29-Sep-2025 13:46:21 Europe/Berlin] Acción solicitada: get_tipos_novedad
[29-Sep-2025 13:46:21 Europe/Berlin] PHP Deprecated:  Creation of dynamic property Conexion::$envVars is deprecated in C:\xampp\htdocs\administracion\class\conexion.php on line 11
[29-Sep-2025 13:46:21 Europe/Berlin] PHP Deprecated:  Creation of dynamic property Conexion::$host_central is deprecated in C:\xampp\htdocs\administracion\class\conexion.php on line 13
[29-Sep-2025 13:46:21 Europe/Berlin] PHP Deprecated:  Creation of dynamic property Conexion::$database_central is deprecated in C:\xampp\htdocs\administracion\class\conexion.php on line 14
[29-Sep-2025 13:46:21 Europe/Berlin] PHP Deprecated:  Creation of dynamic property Conexion::$host_locales is deprecated in C:\xampp\htdocs\administracion\class\conexion.php on line 15
[29-Sep-2025 13:46:21 Europe/Berlin] PHP Deprecated:  Creation of dynamic property Conexion::$host_apps is deprecated in C:\xampp\htdocs\administracion\class\conexion.php on line 16
[29-Sep-2025 13:46:21 Europe/Berlin] PHP Deprecated:  Creation of dynamic property Conexion::$database_locales is deprecated in C:\xampp\htdocs\administracion\class\conexion.php on line 17
[29-Sep-2025 13:46:21 Europe/Berlin] PHP Deprecated:  Creation of dynamic property Conexion::$database_tangobis is deprecated in C:\xampp\htdocs\administracion\class\conexion.php on line 18
[29-Sep-2025 13:46:21 Europe/Berlin] PHP Deprecated:  Creation of dynamic property Conexion::$database_apps is deprecated in C:\xampp\htdocs\administracion\class\conexion.php on line 19
[29-Sep-2025 13:46:21 Europe/Berlin] PHP Deprecated:  Creation of dynamic property Conexion::$user is deprecated in C:\xampp\htdocs\administracion\class\conexion.php on line 20
[29-Sep-2025 13:46:21 Europe/Berlin] PHP Deprecated:  Creation of dynamic property Conexion::$pass is deprecated in C:\xampp\htdocs\administracion\class\conexion.php on line 21
[29-Sep-2025 13:46:21 Europe/Berlin] PHP Deprecated:  Creation of dynamic property Conexion::$pass_locales is deprecated in C:\xampp\htdocs\administracion\class\conexion.php on line 22
[29-Sep-2025 13:46:21 Europe/Berlin] PHP Deprecated:  Creation of dynamic property Conexion::$character is deprecated in C:\xampp\htdocs\administracion\class\conexion.php on line 23
[29-Sep-2025 13:46:21 Europe/Berlin] PHP Deprecated:  Creation of dynamic property Conexion::$env is deprecated in C:\xampp\htdocs\administracion\class\conexion.php on line 24
[29-Sep-2025 13:46:21 Europe/Berlin] PHP Deprecated:  Creation of dynamic property Conexion::$prefix is deprecated in C:\xampp\htdocs\administracion\class\conexion.php on line 25
[29-Sep-2025 13:46:21 Europe/Berlin] PHP Deprecated:  Creation of dynamic property Conexion::$database_uy is deprecated in C:\xampp\htdocs\administracion\class\conexion.php on line 26
[29-Sep-2025 13:46:21 Europe/Berlin] PHP Deprecated:  Creation of dynamic property Conexion::$database_sucUy is deprecated in C:\xampp\htdocs\administracion\class\conexion.php on line 27
[29-Sep-2025 13:46:21 Europe/Berlin] Conexión a base de datos 'apps' establecida correctamente
[29-Sep-2025 13:46:21 Europe/Berlin] Acción solicitada: get_centros_costos
[29-Sep-2025 13:46:21 Europe/Berlin] PHP Deprecated:  Creation of dynamic property Conexion::$envVars is deprecated in C:\xampp\htdocs\administracion\class\conexion.php on line 11
[29-Sep-2025 13:46:21 Europe/Berlin] PHP Deprecated:  Creation of dynamic property Conexion::$host_central is deprecated in C:\xampp\htdocs\administracion\class\conexion.php on line 13
[29-Sep-2025 13:46:21 Europe/Berlin] PHP Deprecated:  Creation of dynamic property Conexion::$database_central is deprecated in C:\xampp\htdocs\administracion\class\conexion.php on line 14
[29-Sep-2025 13:46:21 Europe/Berlin] PHP Deprecated:  Creation of dynamic property Conexion::$host_locales is deprecated in C:\xampp\htdocs\administracion\class\conexion.php on line 15
[29-Sep-2025 13:46:21 Europe/Berlin] PHP Deprecated:  Creation of dynamic property Conexion::$host_apps is deprecated in C:\xampp\htdocs\administracion\class\conexion.php on line 16
[29-Sep-2025 13:46:21 Europe/Berlin] PHP Deprecated:  Creation of dynamic property Conexion::$database_locales is deprecated in C:\xampp\htdocs\administracion\class\conexion.php on line 17
[29-Sep-2025 13:46:21 Europe/Berlin] PHP Deprecated:  Creation of dynamic property Conexion::$database_tangobis is deprecated in C:\xampp\htdocs\administracion\class\conexion.php on line 18
[29-Sep-2025 13:46:21 Europe/Berlin] PHP Deprecated:  Creation of dynamic property Conexion::$database_apps is deprecated in C:\xampp\htdocs\administracion\class\conexion.php on line 19
[29-Sep-2025 13:46:21 Europe/Berlin] PHP Deprecated:  Creation of dynamic property Conexion::$user is deprecated in C:\xampp\htdocs\administracion\class\conexion.php on line 20
[29-Sep-2025 13:46:21 Europe/Berlin] PHP Deprecated:  Creation of dynamic property Conexion::$pass is deprecated in C:\xampp\htdocs\administracion\class\conexion.php on line 21
[29-Sep-2025 13:46:21 Europe/Berlin] PHP Deprecated:  Creation of dynamic property Conexion::$pass_locales is deprecated in C:\xampp\htdocs\administracion\class\conexion.php on line 22
[29-Sep-2025 13:46:21 Europe/Berlin] PHP Deprecated:  Creation of dynamic property Conexion::$character is deprecated in C:\xampp\htdocs\administracion\class\conexion.php on line 23
[29-Sep-2025 13:46:21 Europe/Berlin] PHP Deprecated:  Creation of dynamic property Conexion::$env is deprecated in C:\xampp\htdocs\administracion\class\conexion.php on line 24
[29-Sep-2025 13:46:21 Europe/Berlin] PHP Deprecated:  Creation of dynamic property Conexion::$prefix is deprecated in C:\xampp\htdocs\administracion\class\conexion.php on line 25
[29-Sep-2025 13:46:21 Europe/Berlin] PHP Deprecated:  Creation of dynamic property Conexion::$database_uy is deprecated in C:\xampp\htdocs\administracion\class\conexion.php on line 26
[29-Sep-2025 13:46:21 Europe/Berlin] PHP Deprecated:  Creation of dynamic property Conexion::$database_sucUy is deprecated in C:\xampp\htdocs\administracion\class\conexion.php on line 27
[29-Sep-2025 13:46:21 Europe/Berlin] Conexión a base de datos 'apps' establecida correctamente
[29-Sep-2025 13:46:21 Europe/Berlin] Acción solicitada: get_centros_costos
[29-Sep-2025 13:46:21 Europe/Berlin] PHP Deprecated:  Creation of dynamic property Conexion::$envVars is deprecated in C:\xampp\htdocs\administracion\class\conexion.php on line 11
[29-Sep-2025 13:46:21 Europe/Berlin] PHP Deprecated:  Creation of dynamic property Conexion::$host_central is deprecated in C:\xampp\htdocs\administracion\class\conexion.php on line 13
[29-Sep-2025 13:46:21 Europe/Berlin] PHP Deprecated:  Creation of dynamic property Conexion::$database_central is deprecated in C:\xampp\htdocs\administracion\class\conexion.php on line 14
[29-Sep-2025 13:46:21 Europe/Berlin] PHP Deprecated:  Creation of dynamic property Conexion::$host_locales is deprecated in C:\xampp\htdocs\administracion\class\conexion.php on line 15
[29-Sep-2025 13:46:21 Europe/Berlin] PHP Deprecated:  Creation of dynamic property Conexion::$host_apps is deprecated in C:\xampp\htdocs\administracion\class\conexion.php on line 16
[29-Sep-2025 13:46:21 Europe/Berlin] PHP Deprecated:  Creation of dynamic property Conexion::$database_locales is deprecated in C:\xampp\htdocs\administracion\class\conexion.php on line 17
[29-Sep-2025 13:46:21 Europe/Berlin] PHP Deprecated:  Creation of dynamic property Conexion::$database_tangobis is deprecated in C:\xampp\htdocs\administracion\class\conexion.php on line 18
[29-Sep-2025 13:46:21 Europe/Berlin] PHP Deprecated:  Creation of dynamic property Conexion::$database_apps is deprecated in C:\xampp\htdocs\administracion\class\conexion.php on line 19
[29-Sep-2025 13:46:21 Europe/Berlin] PHP Deprecated:  Creation of dynamic property Conexion::$user is deprecated in C:\xampp\htdocs\administracion\class\conexion.php on line 20
[29-Sep-2025 13:46:21 Europe/Berlin] PHP Deprecated:  Creation of dynamic property Conexion::$pass is deprecated in C:\xampp\htdocs\administracion\class\conexion.php on line 21
[29-Sep-2025 13:46:21 Europe/Berlin] PHP Deprecated:  Creation of dynamic property Conexion::$pass_locales is deprecated in C:\xampp\htdocs\administracion\class\conexion.php on line 22
[29-Sep-2025 13:46:21 Europe/Berlin] PHP Deprecated:  Creation of dynamic property Conexion::$character is deprecated in C:\xampp\htdocs\administracion\class\conexion.php on line 23
[29-Sep-2025 13:46:21 Europe/Berlin] PHP Deprecated:  Creation of dynamic property Conexion::$env is deprecated in C:\xampp\htdocs\administracion\class\conexion.php on line 24
[29-Sep-2025 13:46:21 Europe/Berlin] PHP Deprecated:  Creation of dynamic property Conexion::$prefix is deprecated in C:\xampp\htdocs\administracion\class\conexion.php on line 25
[29-Sep-2025 13:46:21 Europe/Berlin] PHP Deprecated:  Creation of dynamic property Conexion::$database_uy is deprecated in C:\xampp\htdocs\administracion\class\conexion.php on line 26
[29-Sep-2025 13:46:21 Europe/Berlin] PHP Deprecated:  Creation of dynamic property Conexion::$database_sucUy is deprecated in C:\xampp\htdocs\administracion\class\conexion.php on line 27
[29-Sep-2025 13:46:21 Europe/Berlin] Conexión a base de datos 'apps' establecida correctamente
[29-Sep-2025 13:46:21 Europe/Berlin] Acción solicitada: get_tipos_novedad
